ITTER107,Territorio,TIPO_DATO_AVQ,Tipo dato,MISURA_AVQ,Misura,TIME,Seleziona periodo,Value,Flag Codes,Flags
ITG1,Sicilia,0_CHRONIC_OSTEO,malati cronici - affetti da osteoporosi,THV,valori in migliaia,2018,2018,456,,
ITF2,Molise,0_CHRONIC_GH,persone con malattie croniche in buona salute,HSC,per 100 persone con le stesse caratteristiche,2018,2018,37.2,,
ITD5,Emilia-Romagna,0_CHRONIC_GASTR,malati cronici - affetti da ulcera gastrica o duodenale,THV,valori in migliaia,2018,2018,130,,
ITC1,Piemonte,0_CHRONIC_GH,persone con malattie croniche in buona salute,HSC,per 100 persone con le stesse caratteristiche,2018,2018,41.7,,
ITF1,Abruzzo,0_CHRONIC_HEART,malati cronici - affetti da malattie del cuore,THV,valori in migliaia,2018,2018,48,,
ITE2,Umbria,0_CHRONIC_ARTH,"malati cronici - affetti da artrosi, artrite",HSC,per 100 persone con le stesse caratteristiche,2018,2018,21,,
ITF5,Basilicata,0_ALEAST_2CRON,persone con almeno due malattie croniche,THV,valori in migliaia,2018,2018,135,,
ITD2,Provincia Autonoma Trento,0_CHRONIC_BRONC,malati cronici - affetti da bronchite cronica,HSC,per 100 persone con le stesse caratteristiche,2018,2018,4.7,,
ITE3,Marche,0_CHRONIC_HYP,malati cronici - affetti da ipertensione,THV,valori in migliaia,2018,2018,227,,
ITC2,Valle d'Aosta / Vallée d'Aoste,0_CHRONIC_ARTH,"malati cronici - affetti da artrosi, artrite",THV,valori in migliaia,2018,2018,21,,
ITD2,Provincia Autonoma Trento,0_GOOD_H,persone in buona salute,HSC,per 100 persone con le stesse caratteristiche,2018,2018,77.5,,
ITF5,Basilicata,0_CHRONIC_OSTEO,malati cronici - affetti da osteoporosi,THV,valori in migliaia,2018,2018,55,,
ITG1,Sicilia,0_CHRONIC_GH,persone con malattie croniche in buona salute,HSC,per 100 persone con le stesse caratteristiche,2018,2018,31.9,,
ITD5,Emilia-Romagna,0_CHRONIC_HYP,malati cronici - affetti da ipertensione,THV,valori in migliaia,2018,2018,762,,
ITF1,Abruzzo,0_CHRONIC_DIAB,malati cronici - affetti da diabete,HSC,per 100 persone con le stesse caratteristiche,2018,2018,7.5,,
ITE1,Toscana,0_ALEAST_1CRON,persone  con almeno una malattia cronica,THV,valori in migliaia,2018,2018,1522,,
ITD5,Emilia-Romagna,0_CHRONIC_ARTH,"malati cronici - affetti da artrosi, artrite",HSC,per 100 persone con le stesse caratteristiche,2018,2018,17.2,,
ITF6,Calabria,0_CHRONIC_GH,persone con malattie croniche in buona salute,HSC,per 100 persone con le stesse caratteristiche,2018,2018,30.3,,
ITF5,Basilicata,0_CHRONIC_GH,persone con malattie croniche in buona salute,HSC,per 100 persone con le stesse caratteristiche,2018,2018,37.9,,
ITC4,Lombardia,0_CHRONIC_HEART,malati cronici - affetti da malattie del cuore,THV,valori in migliaia,2018,2018,413,,
ITE4,Lazio,0_CHRONIC_HEART,malati cronici - affetti da malattie del cuore,THV,valori in migliaia,2018,2018,199,,
ITD4,Friuli-Venezia Giulia,0_CHRONIC_BRONC,malati cronici - affetti da bronchite cronica,THV,valori in migliaia,2018,2018,74,,
ITE4,Lazio,0_CHRONIC_NERVOUS,malati cronici - affetti da disturbi nervosi,HSC,per 100 persone con le stesse caratteristiche,2018,2018,4.5,,
ITD1,Provincia Autonoma Bolzano / Bozen,0_ALEAST_1CRON,persone  con almeno una malattia cronica,THV,valori in migliaia,2018,2018,171,,
ITE1,Toscana,0_ALEAST_1CRON,persone  con almeno una malattia cronica,HSC,per 100 persone con le stesse caratteristiche,2018,2018,40.9,,
ITDA,Trentino Alto Adige / Südtirol,0_CHRONIC_DIAB,malati cronici - affetti da diabete,THV,valori in migliaia,2018,2018,38,,
ITG2,Sardegna,0_ALEAST_1CRON,persone  con almeno una malattia cronica,HSC,per 100 persone con le stesse caratteristiche,2018,2018,44.1,,
ITD2,Provincia Autonoma Trento,0_ALEAST_2CRON,persone con almeno due malattie croniche,THV,valori in migliaia,2018,2018,86,,
ITE1,Toscana,0_CHRONIC_ARTH,"malati cronici - affetti da artrosi, artrite",THV,valori in migliaia,2018,2018,575,,
ITDA,Trentino Alto Adige / Südtirol,0_CHRONIC_BRONC,malati cronici - affetti da bronchite cronica,HSC,per 100 persone con le stesse caratteristiche,2018,2018,3.8,,
ITE4,Lazio,0_CHRONIC_NERVOUS,malati cronici - affetti da disturbi nervosi,THV,valori in migliaia,2018,2018,261,,
ITD1,Provincia Autonoma Bolzano / Bozen,0_CHRONIC_GASTR,malati cronici - affetti da ulcera gastrica o duodenale,THV,valori in migliaia,2018,2018,7,,
ITF4,Puglia,0_CHRONIC_BRONC,malati cronici - affetti da bronchite cronica,HSC,per 100 persone con le stesse caratteristiche,2018,2018,5.6,,
ITD3,Veneto,0_CHRONIC_HYP,malati cronici - affetti da ipertensione,THV,valori in migliaia,2018,2018,825,,
ITF3,Campania,0_CHRONIC_BRONC,malati cronici - affetti da bronchite cronica,HSC,per 100 persone con le stesse caratteristiche,2018,2018,5.8,,
ITF4,Puglia,0_CHRONIC_DIAB,malati cronici - affetti da diabete,THV,valori in migliaia,2018,2018,285,,
ITE1,Toscana,0_CHRONIC_HEART,malati cronici - affetti da malattie del cuore,HSC,per 100 persone con le stesse caratteristiche,2018,2018,3.5,,
ITD3,Veneto,0_CHRONIC_ARTH,"malati cronici - affetti da artrosi, artrite",HSC,per 100 persone con le stesse caratteristiche,2018,2018,14.3,,
ITF3,Campania,0_CHRONIC_BRONC,malati cronici - affetti da bronchite cronica,THV,valori in migliaia,2018,2018,336,,
ITC2,Valle d'Aosta / Vallée d'Aoste,0_ALEAST_1CRON,persone  con almeno una malattia cronica,THV,valori in migliaia,2018,2018,49,,
ITF2,Molise,0_CHRONIC_GH,persone con malattie croniche in buona salute,THV,valori in migliaia,2018,2018,48,,
ITG2,Sardegna,0_ALEAST_1CRON,persone  con almeno una malattia cronica,THV,valori in migliaia,2018,2018,724,,
ITDA,Trentino Alto Adige / Südtirol,0_CHRONIC_NERVOUS,malati cronici - affetti da disturbi nervosi,HSC,per 100 persone con le stesse caratteristiche,2018,2018,3.1,,
ITD1,Provincia Autonoma Bolzano / Bozen,0_CHRONIC_ARTH,"malati cronici - affetti da artrosi, artrite",HSC,per 100 persone con le stesse caratteristiche,2018,2018,10.1,,
ITF6,Calabria,0_CHRONIC_ALLER,malati cronici - affetti da malattie allergiche,HSC,per 100 persone con le stesse caratteristiche,2018,2018,10.3,,
ITDA,Trentino Alto Adige / Südtirol,0_GOOD_H,persone in buona salute,HSC,per 100 persone con le stesse caratteristiche,2018,2018,81.1,,
ITE4,Lazio,0_CHRONIC_BRONC,malati cronici - affetti da bronchite cronica,HSC,per 100 persone con le stesse caratteristiche,2018,2018,6,,
ITD1,Provincia Autonoma Bolzano / Bozen,0_CHRONIC_ARTH,"malati cronici - affetti da artrosi, artrite",THV,valori in migliaia,2018,2018,53,,
ITF3,Campania,0_ALEAST_2CRON,persone con almeno due malattie croniche,HSC,per 100 persone con le stesse caratteristiche,2018,2018,21.4,,
ITDA,Trentino Alto Adige / Südtirol,0_CHRONIC_NERVOUS,malati cronici - affetti da disturbi nervosi,THV,valori in migliaia,2018,2018,32,,
ITF1,Abruzzo,0_CHRONIC_HEART,malati cronici - affetti da malattie del cuore,HSC,per 100 persone con le stesse caratteristiche,2018,2018,3.7,,
ITD3,Veneto,0_CHRONIC_HYP,malati cronici - affetti da ipertensione,HSC,per 100 persone con le stesse caratteristiche,2018,2018,17,,
ITE2,Umbria,0_ALEAST_1CRON,persone  con almeno una malattia cronica,THV,valori in migliaia,2018,2018,420,,
ITD2,Provincia Autonoma Trento,0_GOOD_H,persone in buona salute,THV,valori in migliaia,2018,2018,414,,
ITE1,Toscana,0_CHRONIC_ARTH,"malati cronici - affetti da artrosi, artrite",HSC,per 100 persone con le stesse caratteristiche,2018,2018,15.5,,
ITC1,Piemonte,0_CHRONIC_OSTEO,malati cronici - affetti da osteoporosi,THV,valori in migliaia,2018,2018,299,,
ITD4,Friuli-Venezia Giulia,0_CHRONIC_BRONC,malati cronici - affetti da bronchite cronica,HSC,per 100 persone con le stesse caratteristiche,2018,2018,6.1,,
ITG2,Sardegna,0_CHRONIC_ARTH,"malati cronici - affetti da artrosi, artrite",HSC,per 100 persone con le stesse caratteristiche,2018,2018,21.7,,
ITD2,Provincia Autonoma Trento,0_CHRONIC_NERVOUS,malati cronici - affetti da disturbi nervosi,THV,valori in migliaia,2018,2018,14,,
ITC1,Piemonte,0_CHRONIC_ALLER,malati cronici - affetti da malattie allergiche,HSC,per 100 persone con le stesse caratteristiche,2018,2018,9.7,,
ITF2,Molise,0_CHRONIC_ALLER,malati cronici - affetti da malattie allergiche,HSC,per 100 persone con le stesse caratteristiche,2018,2018,11.9,,
ITF4,Puglia,0_CHRONIC_NERVOUS,malati cronici - affetti da disturbi nervosi,THV,valori in migliaia,2018,2018,145,,
ITD5,Emilia-Romagna,0_ALEAST_1CRON,persone  con almeno una malattia cronica,HSC,per 100 persone con le stesse caratteristiche,2018,2018,43.3,,
ITDA,Trentino Alto Adige / Südtirol,0_GOOD_H,persone in buona salute,THV,valori in migliaia,2018,2018,856,,
ITF5,Basilicata,0_CHRONIC_ALLER,malati cronici - affetti da malattie allergiche,THV,valori in migliaia,2018,2018,77,,
ITD5,Emilia-Romagna,0_CHRONIC_ALLER,malati cronici - affetti da malattie allergiche,THV,valori in migliaia,2018,2018,493,,
ITE3,Marche,0_CHRONIC_ARTH,"malati cronici - affetti da artrosi, artrite",HSC,per 100 persone con le stesse caratteristiche,2018,2018,15.5,,
ITF6,Calabria,0_CHRONIC_ALLER,malati cronici - affetti da malattie allergiche,THV,valori in migliaia,2018,2018,202,,
ITD4,Friuli-Venezia Giulia,0_CHRONIC_NERVOUS,malati cronici - affetti da disturbi nervosi,HSC,per 100 persone con le stesse caratteristiche,2018,2018,4.1,,
ITG2,Sardegna,0_CHRONIC_GASTR,malati cronici - affetti da ulcera gastrica o duodenale,THV,valori in migliaia,2018,2018,36,,
ITC3,Liguria,0_CHRONIC_HEART,malati cronici - affetti da malattie del cuore,HSC,per 100 persone con le stesse caratteristiche,2018,2018,4.1,,
ITF4,Puglia,0_CHRONIC_NERVOUS,malati cronici - affetti da disturbi nervosi,HSC,per 100 persone con le stesse caratteristiche,2018,2018,3.6,,
ITC4,Lombardia,0_CHRONIC_DIAB,malati cronici - affetti da diabete,HSC,per 100 persone con le stesse caratteristiche,2018,2018,4.6,,
ITD3,Veneto,0_CHRONIC_ALLER,malati cronici - affetti da malattie allergiche,THV,valori in migliaia,2018,2018,591,,
ITE4,Lazio,0_CHRONIC_DIAB,malati cronici - affetti da diabete,HSC,per 100 persone con le stesse caratteristiche,2018,2018,5.8,,
ITE3,Marche,0_CHRONIC_GASTR,malati cronici - affetti da ulcera gastrica o duodenale,HSC,per 100 persone con le stesse caratteristiche,2018,2018,3.1,,
ITE2,Umbria,0_CHRONIC_ARTH,"malati cronici - affetti da artrosi, artrite",THV,valori in migliaia,2018,2018,185,,
ITF6,Calabria,0_CHRONIC_GH,persone con malattie croniche in buona salute,THV,valori in migliaia,2018,2018,233,,
ITF2,Molise,0_ALEAST_2CRON,persone con almeno due malattie croniche,THV,valori in migliaia,2018,2018,73,,
ITC4,Lombardia,0_CHRONIC_NERVOUS,malati cronici - affetti da disturbi nervosi,THV,valori in migliaia,2018,2018,444,,
ITC1,Piemonte,0_ALEAST_2CRON,persone con almeno due malattie croniche,THV,valori in migliaia,2018,2018,951,,
ITF2,Molise,0_ALEAST_1CRON,persone  con almeno una malattia cronica,HSC,per 100 persone con le stesse caratteristiche,2018,2018,42.2,,
ITD2,Provincia Autonoma Trento,0_CHRONIC_GH,persone con malattie croniche in buona salute,HSC,per 100 persone con le stesse caratteristiche,2018,2018,55.6,,
ITC3,Liguria,0_CHRONIC_DIAB,malati cronici - affetti da diabete,HSC,per 100 persone con le stesse caratteristiche,2018,2018,5.6,,
ITD4,Friuli-Venezia Giulia,0_GOOD_H,persone in buona salute,HSC,per 100 persone con le stesse caratteristiche,2018,2018,69,,
ITC4,Lombardia,0_GOOD_H,persone in buona salute,HSC,per 100 persone con le stesse caratteristiche,2018,2018,69.4,,
ITG2,Sardegna,0_CHRONIC_ALLER,malati cronici - affetti da malattie allergiche,THV,valori in migliaia,2018,2018,208,,
ITC2,Valle d'Aosta / Vallée d'Aoste,0_ALEAST_1CRON,persone  con almeno una malattia cronica,HSC,per 100 persone con le stesse caratteristiche,2018,2018,39.3,,
ITF3,Campania,0_CHRONIC_DIAB,malati cronici - affetti da diabete,THV,valori in migliaia,2018,2018,378,,
ITF5,Basilicata,0_CHRONIC_ALLER,malati cronici - affetti da malattie allergiche,HSC,per 100 persone con le stesse caratteristiche,2018,2018,13.6,,
ITE3,Marche,0_CHRONIC_GASTR,malati cronici - affetti da ulcera gastrica o duodenale,THV,valori in migliaia,2018,2018,47,,
ITC4,Lombardia,0_CHRONIC_BRONC,malati cronici - affetti da bronchite cronica,HSC,per 100 persone con le stesse caratteristiche,2018,2018,6.8,,
ITF6,Calabria,0_CHRONIC_HYP,malati cronici - affetti da ipertensione,THV,valori in migliaia,2018,2018,363,,
ITF1,Abruzzo,0_GOOD_H,persone in buona salute,THV,valori in migliaia,2018,2018,871,,
ITE1,Toscana,0_CHRONIC_GASTR,malati cronici - affetti da ulcera gastrica o duodenale,THV,valori in migliaia,2018,2018,81,,
ITF4,Puglia,0_GOOD_H,persone in buona salute,HSC,per 100 persone con le stesse caratteristiche,2018,2018,68.5,,
ITD4,Friuli-Venezia Giulia,0_GOOD_H,persone in buona salute,THV,valori in migliaia,2018,2018,833,,
ITC1,Piemonte,0_CHRONIC_OSTEO,malati cronici - affetti da osteoporosi,HSC,per 100 persone con le stesse caratteristiche,2018,2018,6.9,,
ITC2,Valle d'Aosta / Vallée d'Aoste,0_CHRONIC_GASTR,malati cronici - affetti da ulcera gastrica o duodenale,HSC,per 100 persone con le stesse caratteristiche,2018,2018,1.3,,
ITC4,Lombardia,0_CHRONIC_NERVOUS,malati cronici - affetti da disturbi nervosi,HSC,per 100 persone con le stesse caratteristiche,2018,2018,4.4,,
ITG1,Sicilia,0_CHRONIC_GH,persone con malattie croniche in buona salute,THV,valori in migliaia,2018,2018,596,,
ITF1,Abruzzo,0_CHRONIC_DIAB,malati cronici - affetti da diabete,THV,valori in migliaia,2018,2018,98,,
ITE2,Umbria,0_CHRONIC_ALLER,malati cronici - affetti da malattie allergiche,HSC,per 100 persone con le stesse caratteristiche,2018,2018,13,,
ITF6,Calabria,0_ALEAST_1CRON,persone  con almeno una malattia cronica,HSC,per 100 persone con le stesse caratteristiche,2018,2018,39.5,,
ITD3,Veneto,0_CHRONIC_GASTR,malati cronici - affetti da ulcera gastrica o duodenale,HSC,per 100 persone con le stesse caratteristiche,2018,2018,2.7,,
ITC2,Valle d'Aosta / Vallée d'Aoste,0_CHRONIC_GASTR,malati cronici - affetti da ulcera gastrica o duodenale,THV,valori in migliaia,2018,2018,2,,
ITC3,Liguria,0_CHRONIC_ARTH,"malati cronici - affetti da artrosi, artrite",THV,valori in migliaia,2018,2018,291,,
ITD4,Friuli-Venezia Giulia,0_CHRONIC_NERVOUS,malati cronici - affetti da disturbi nervosi,THV,valori in migliaia,2018,2018,49,,
ITD5,Emilia-Romagna,0_CHRONIC_HYP,malati cronici - affetti da ipertensione,HSC,per 100 persone con le stesse caratteristiche,2018,2018,17.2,,
ITF3,Campania,0_CHRONIC_NERVOUS,malati cronici - affetti da disturbi nervosi,HSC,per 100 persone con le stesse caratteristiche,2018,2018,4.7,,
ITF4,Puglia,0_CHRONIC_HEART,malati cronici - affetti da malattie del cuore,THV,valori in migliaia,2018,2018,175,,
ITC2,Valle d'Aosta / Vallée d'Aoste,0_CHRONIC_HYP,malati cronici - affetti da ipertensione,HSC,per 100 persone con le stesse caratteristiche,2018,2018,16.3,,
ITE4,Lazio,0_GOOD_H,persone in buona salute,THV,valori in migliaia,2018,2018,4124,,
ITD5,Emilia-Romagna,0_CHRONIC_GH,persone con malattie croniche in buona salute,THV,valori in migliaia,2018,2018,840,,
ITD5,Emilia-Romagna,0_CHRONIC_HEART,malati cronici - affetti da malattie del cuore,THV,valori in migliaia,2018,2018,203,,
ITC1,Piemonte,0_ALEAST_1CRON,persone  con almeno una malattia cronica,HSC,per 100 persone con le stesse caratteristiche,2018,2018,41.9,,
ITF1,Abruzzo,0_CHRONIC_BRONC,malati cronici - affetti da bronchite cronica,THV,valori in migliaia,2018,2018,87,,
ITF6,Calabria,0_CHRONIC_GASTR,malati cronici - affetti da ulcera gastrica o duodenale,THV,valori in migliaia,2018,2018,75,,
ITDA,Trentino Alto Adige / Südtirol,0_ALEAST_2CRON,persone con almeno due malattie croniche,THV,valori in migliaia,2018,2018,153,,
ITF1,Abruzzo,0_CHRONIC_NERVOUS,malati cronici - affetti da disturbi nervosi,HSC,per 100 persone con le stesse caratteristiche,2018,2018,5.7,,
ITE4,Lazio,0_GOOD_H,persone in buona salute,HSC,per 100 persone con le stesse caratteristiche,2018,2018,70.3,,
ITC3,Liguria,0_CHRONIC_HYP,malati cronici - affetti da ipertensione,THV,valori in migliaia,2018,2018,323,,
ITC4,Lombardia,0_ALEAST_1CRON,persone  con almeno una malattia cronica,THV,valori in migliaia,2018,2018,4172,,
ITE1,Toscana,0_CHRONIC_ALLER,malati cronici - affetti da malattie allergiche,THV,valori in migliaia,2018,2018,425,,
ITF1,Abruzzo,0_CHRONIC_NERVOUS,malati cronici - affetti da disturbi nervosi,THV,valori in migliaia,2018,2018,74,,
ITDA,Trentino Alto Adige / Südtirol,0_CHRONIC_BRONC,malati cronici - affetti da bronchite cronica,THV,valori in migliaia,2018,2018,40,,
ITG2,Sardegna,0_CHRONIC_HYP,malati cronici - affetti da ipertensione,HSC,per 100 persone con le stesse caratteristiche,2018,2018,19.3,,
ITE3,Marche,0_ALEAST_1CRON,persone  con almeno una malattia cronica,HSC,per 100 persone con le stesse caratteristiche,2018,2018,39.1,,
ITG1,Sicilia,0_CHRONIC_ALLER,malati cronici - affetti da malattie allergiche,THV,valori in migliaia,2018,2018,526,,
ITF3,Campania,0_GOOD_H,persone in buona salute,HSC,per 100 persone con le stesse caratteristiche,2018,2018,69.5,,
ITD2,Provincia Autonoma Trento,0_CHRONIC_BRONC,malati cronici - affetti da bronchite cronica,THV,valori in migliaia,2018,2018,25,,
ITF2,Molise,0_CHRONIC_OSTEO,malati cronici - affetti da osteoporosi,HSC,per 100 persone con le stesse caratteristiche,2018,2018,9.4,,
ITD3,Veneto,0_ALEAST_1CRON,persone  con almeno una malattia cronica,HSC,per 100 persone con le stesse caratteristiche,2018,2018,41.3,,
ITF2,Molise,0_ALEAST_1CRON,persone  con almeno una malattia cronica,THV,valori in migliaia,2018,2018,130,,
ITF5,Basilicata,0_CHRONIC_NERVOUS,malati cronici - affetti da disturbi nervosi,THV,valori in migliaia,2018,2018,25,,
ITF1,Abruzzo,0_ALEAST_2CRON,persone con almeno due malattie croniche,HSC,per 100 persone con le stesse caratteristiche,2018,2018,22.7,,
ITE1,Toscana,0_CHRONIC_GH,persone con malattie croniche in buona salute,THV,valori in migliaia,2018,2018,739,,
ITF6,Calabria,0_CHRONIC_ARTH,"malati cronici - affetti da artrosi, artrite",HSC,per 100 persone con le stesse caratteristiche,2018,2018,19.4,,
ITD1,Provincia Autonoma Bolzano / Bozen,0_GOOD_H,persone in buona salute,HSC,per 100 persone con le stesse caratteristiche,2018,2018,84.7,,
ITDA,Trentino Alto Adige / Südtirol,0_CHRONIC_GH,persone con malattie croniche in buona salute,HSC,per 100 persone con le stesse caratteristiche,2018,2018,60.8,,
ITF3,Campania,0_ALEAST_2CRON,persone con almeno due malattie croniche,THV,valori in migliaia,2018,2018,1245,,
ITG2,Sardegna,0_CHRONIC_HYP,malati cronici - affetti da ipertensione,THV,valori in migliaia,2018,2018,317,,
ITD5,Emilia-Romagna,0_CHRONIC_GASTR,malati cronici - affetti da ulcera gastrica o duodenale,HSC,per 100 persone con le stesse caratteristiche,2018,2018,2.9,,
ITF3,Campania,0_GOOD_H,persone in buona salute,THV,valori in migliaia,2018,2018,4042,,
ITF2,Molise,0_CHRONIC_OSTEO,malati cronici - affetti da osteoporosi,THV,valori in migliaia,2018,2018,29,,
ITF6,Calabria,0_CHRONIC_GASTR,malati cronici - affetti da ulcera gastrica o duodenale,HSC,per 100 persone con le stesse caratteristiche,2018,2018,3.8,,
ITD3,Veneto,0_ALEAST_1CRON,persone  con almeno una malattia cronica,THV,valori in migliaia,2018,2018,2011,,
ITD1,Provincia Autonoma Bolzano / Bozen,0_CHRONIC_HEART,malati cronici - affetti da malattie del cuore,HSC,per 100 persone con le stesse caratteristiche,2018,2018,2.2,,
ITF5,Basilicata,0_CHRONIC_BRONC,malati cronici - affetti da bronchite cronica,HSC,per 100 persone con le stesse caratteristiche,2018,2018,7.1,,
ITC4,Lombardia,0_CHRONIC_GASTR,malati cronici - affetti da ulcera gastrica o duodenale,THV,valori in migliaia,2018,2018,261,,
ITE4,Lazio,0_CHRONIC_BRONC,malati cronici - affetti da bronchite cronica,THV,valori in migliaia,2018,2018,349,,
ITD5,Emilia-Romagna,0_CHRONIC_HEART,malati cronici - affetti da malattie del cuore,HSC,per 100 persone con le stesse caratteristiche,2018,2018,4.6,,
ITF1,Abruzzo,0_ALEAST_2CRON,persone con almeno due malattie croniche,THV,valori in migliaia,2018,2018,298,,
ITF6,Calabria,0_CHRONIC_HEART,malati cronici - affetti da malattie del cuore,HSC,per 100 persone con le stesse caratteristiche,2018,2018,4.7,,
ITD2,Provincia Autonoma Trento,0_CHRONIC_OSTEO,malati cronici - affetti da osteoporosi,HSC,per 100 persone con le stesse caratteristiche,2018,2018,5.5,,
ITF3,Campania,0_CHRONIC_GH,persone con malattie croniche in buona salute,THV,valori in migliaia,2018,2018,840,,
ITG1,Sicilia,0_CHRONIC_GASTR,malati cronici - affetti da ulcera gastrica o duodenale,HSC,per 100 persone con le stesse caratteristiche,2018,2018,2.9,,
ITC1,Piemonte,0_CHRONIC_GASTR,malati cronici - affetti da ulcera gastrica o duodenale,THV,valori in migliaia,2018,2018,101,,
ITF2,Molise,0_CHRONIC_GASTR,malati cronici - affetti da ulcera gastrica o duodenale,THV,valori in migliaia,2018,2018,9,,
ITDA,Trentino Alto Adige / Südtirol,0_CHRONIC_OSTEO,malati cronici - affetti da osteoporosi,HSC,per 100 persone con le stesse caratteristiche,2018,2018,4.7,,
ITG1,Sicilia,0_CHRONIC_ARTH,"malati cronici - affetti da artrosi, artrite",HSC,per 100 persone con le stesse caratteristiche,2018,2018,17.2,,
ITF1,Abruzzo,0_CHRONIC_OSTEO,malati cronici - affetti da osteoporosi,HSC,per 100 persone con le stesse caratteristiche,2018,2018,9.6,,
ITC4,Lombardia,0_CHRONIC_ALLER,malati cronici - affetti da malattie allergiche,HSC,per 100 persone con le stesse caratteristiche,2018,2018,13,,
ITD2,Provincia Autonoma Trento,0_ALEAST_1CRON,persone  con almeno una malattia cronica,HSC,per 100 persone con le stesse caratteristiche,2018,2018,38.8,,
ITE4,Lazio,0_CHRONIC_ALLER,malati cronici - affetti da malattie allergiche,HSC,per 100 persone con le stesse caratteristiche,2018,2018,12.5,,
ITDA,Trentino Alto Adige / Südtirol,0_CHRONIC_GH,persone con malattie croniche in buona salute,THV,valori in migliaia,2018,2018,230,,
ITD1,Provincia Autonoma Bolzano / Bozen,0_GOOD_H,persone in buona salute,THV,valori in migliaia,2018,2018,442,,
ITC4,Lombardia,0_CHRONIC_ARTH,"malati cronici - affetti da artrosi, artrite",THV,valori in migliaia,2018,2018,1528,,
ITC3,Liguria,0_CHRONIC_GASTR,malati cronici - affetti da ulcera gastrica o duodenale,THV,valori in migliaia,2018,2018,43,,
ITG1,Sicilia,0_CHRONIC_ARTH,"malati cronici - affetti da artrosi, artrite",THV,valori in migliaia,2018,2018,863,,
ITC4,Lombardia,0_CHRONIC_HEART,malati cronici - affetti da malattie del cuore,HSC,per 100 persone con le stesse caratteristiche,2018,2018,4.1,,
ITC2,Valle d'Aosta / Vallée d'Aoste,0_CHRONIC_ARTH,"malati cronici - affetti da artrosi, artrite",HSC,per 100 persone con le stesse caratteristiche,2018,2018,16.5,,
ITE3,Marche,0_CHRONIC_HYP,malati cronici - affetti da ipertensione,HSC,per 100 persone con le stesse caratteristiche,2018,2018,14.9,,
ITE2,Umbria,0_CHRONIC_HEART,malati cronici - affetti da malattie del cuore,THV,valori in migliaia,2018,2018,45,,
ITD3,Veneto,0_CHRONIC_GASTR,malati cronici - affetti da ulcera gastrica o duodenale,THV,valori in migliaia,2018,2018,131,,
ITF4,Puglia,0_CHRONIC_DIAB,malati cronici - affetti da diabete,HSC,per 100 persone con le stesse caratteristiche,2018,2018,7.1,,
ITD3,Veneto,0_CHRONIC_ARTH,"malati cronici - affetti da artrosi, artrite",THV,valori in migliaia,2018,2018,695,,
ITD1,Provincia Autonoma Bolzano / Bozen,0_CHRONIC_DIAB,malati cronici - affetti da diabete,HSC,per 100 persone con le stesse caratteristiche,2018,2018,2.8,,
ITC1,Piemonte,0_CHRONIC_GH,persone con malattie croniche in buona salute,THV,valori in migliaia,2018,2018,758,,
ITC3,Liguria,0_ALEAST_1CRON,persone  con almeno una malattia cronica,HSC,per 100 persone con le stesse caratteristiche,2018,2018,45.2,,
ITC1,Piemonte,0_CHRONIC_GASTR,malati cronici - affetti da ulcera gastrica o duodenale,HSC,per 100 persone con le stesse caratteristiche,2018,2018,2.3,,
ITD4,Friuli-Venezia Giulia,0_CHRONIC_GH,persone con malattie croniche in buona salute,THV,valori in migliaia,2018,2018,204,,
ITD1,Provincia Autonoma Bolzano / Bozen,0_CHRONIC_HEART,malati cronici - affetti da malattie del cuore,THV,valori in migliaia,2018,2018,12,,
ITF4,Puglia,0_ALEAST_2CRON,persone con almeno due malattie croniche,THV,valori in migliaia,2018,2018,878,,
ITD1,Provincia Autonoma Bolzano / Bozen,0_CHRONIC_NERVOUS,malati cronici - affetti da disturbi nervosi,HSC,per 100 persone con le stesse caratteristiche,2018,2018,3.5,,
ITF3,Campania,0_CHRONIC_GH,persone con malattie croniche in buona salute,HSC,per 100 persone con le stesse caratteristiche,2018,2018,38.6,,
ITD2,Provincia Autonoma Trento,0_CHRONIC_ALLER,malati cronici - affetti da malattie allergiche,THV,valori in migliaia,2018,2018,64,,
ITD3,Veneto,0_CHRONIC_DIAB,malati cronici - affetti da diabete,HSC,per 100 persone con le stesse caratteristiche,2018,2018,4.5,,
ITF6,Calabria,0_CHRONIC_HYP,malati cronici - affetti da ipertensione,HSC,per 100 persone con le stesse caratteristiche,2018,2018,18.6,,
ITF5,Basilicata,0_CHRONIC_GH,persone con malattie croniche in buona salute,THV,valori in migliaia,2018,2018,95,,
ITE2,Umbria,0_CHRONIC_HEART,malati cronici - affetti da malattie del cuore,HSC,per 100 persone con le stesse caratteristiche,2018,2018,5.1,,
ITF1,Abruzzo,0_GOOD_H,persone in buona salute,HSC,per 100 persone con le stesse caratteristiche,2018,2018,66.4,,
ITF5,Basilicata,0_GOOD_H,persone in buona salute,HSC,per 100 persone con le stesse caratteristiche,2018,2018,65.4,,
ITD4,Friuli-Venezia Giulia,0_CHRONIC_OSTEO,malati cronici - affetti da osteoporosi,THV,valori in migliaia,2018,2018,63,,
ITC3,Liguria,0_CHRONIC_GASTR,malati cronici - affetti da ulcera gastrica o duodenale,HSC,per 100 persone con le stesse caratteristiche,2018,2018,2.8,,
ITF4,Puglia,0_CHRONIC_OSTEO,malati cronici - affetti da osteoporosi,HSC,per 100 persone con le stesse caratteristiche,2018,2018,9.4,,
ITE3,Marche,0_CHRONIC_NERVOUS,malati cronici - affetti da disturbi nervosi,HSC,per 100 persone con le stesse caratteristiche,2018,2018,3.8,,
ITD1,Provincia Autonoma Bolzano / Bozen,0_ALEAST_2CRON,persone con almeno due malattie croniche,HSC,per 100 persone con le stesse caratteristiche,2018,2018,12.8,,
ITF6,Calabria,0_CHRONIC_DIAB,malati cronici - affetti da diabete,HSC,per 100 persone con le stesse caratteristiche,2018,2018,8.2,,
ITC1,Piemonte,0_CHRONIC_HYP,malati cronici - affetti da ipertensione,HSC,per 100 persone con le stesse caratteristiche,2018,2018,19.2,,
ITF3,Campania,0_CHRONIC_OSTEO,malati cronici - affetti da osteoporosi,HSC,per 100 persone con le stesse caratteristiche,2018,2018,8.3,,
ITF1,Abruzzo,0_CHRONIC_OSTEO,malati cronici - affetti da osteoporosi,THV,valori in migliaia,2018,2018,126,,
ITD1,Provincia Autonoma Bolzano / Bozen,0_CHRONIC_NERVOUS,malati cronici - affetti da disturbi nervosi,THV,valori in migliaia,2018,2018,18,,
ITE1,Toscana,0_CHRONIC_HYP,malati cronici - affetti da ipertensione,HSC,per 100 persone con le stesse caratteristiche,2018,2018,17.2,,
ITF2,Molise,0_CHRONIC_HYP,malati cronici - affetti da ipertensione,HSC,per 100 persone con le stesse caratteristiche,2018,2018,20.4,,
ITE2,Umbria,0_ALEAST_1CRON,persone  con almeno una malattia cronica,HSC,per 100 persone con le stesse caratteristiche,2018,2018,47.8,,
ITF6,Calabria,0_CHRONIC_HEART,malati cronici - affetti da malattie del cuore,THV,valori in migliaia,2018,2018,92,,
ITF1,Abruzzo,0_CHRONIC_GH,persone con malattie croniche in buona salute,THV,valori in migliaia,2018,2018,204,,
ITD1,Provincia Autonoma Bolzano / Bozen,0_CHRONIC_BRONC,malati cronici - affetti da bronchite cronica,THV,valori in migliaia,2018,2018,15,,
ITF3,Campania,0_ALEAST_1CRON,persone  con almeno una malattia cronica,HSC,per 100 persone con le stesse caratteristiche,2018,2018,37.5,,
ITD5,Emilia-Romagna,0_CHRONIC_NERVOUS,malati cronici - affetti da disturbi nervosi,HSC,per 100 persone con le stesse caratteristiche,2018,2018,3.9,,
ITE1,Toscana,0_ALEAST_2CRON,persone con almeno due malattie croniche,THV,valori in migliaia,2018,2018,748,,
ITDA,Trentino Alto Adige / Südtirol,0_ALEAST_1CRON,persone  con almeno una malattia cronica,HSC,per 100 persone con le stesse caratteristiche,2018,2018,35.7,,
ITD3,Veneto,0_ALEAST_2CRON,persone con almeno due malattie croniche,HSC,per 100 persone con le stesse caratteristiche,2018,2018,19.3,,
ITE1,Toscana,0_CHRONIC_GASTR,malati cronici - affetti da ulcera gastrica o duodenale,HSC,per 100 persone con le stesse caratteristiche,2018,2018,2.2,,
ITE3,Marche,0_CHRONIC_DIAB,malati cronici - affetti da diabete,HSC,per 100 persone con le stesse caratteristiche,2018,2018,4.9,,
ITG2,Sardegna,0_CHRONIC_ARTH,"malati cronici - affetti da artrosi, artrite",THV,valori in migliaia,2018,2018,356,,
ITF2,Molise,0_CHRONIC_ALLER,malati cronici - affetti da malattie allergiche,THV,valori in migliaia,2018,2018,37,,
ITE4,Lazio,0_CHRONIC_ALLER,malati cronici - affetti da malattie allergiche,THV,valori in migliaia,2018,2018,733,,
ITD5,Emilia-Romagna,0_CHRONIC_NERVOUS,malati cronici - affetti da disturbi nervosi,THV,valori in migliaia,2018,2018,173,,
ITC1,Piemonte,0_ALEAST_1CRON,persone  con almeno una malattia cronica,THV,valori in migliaia,2018,2018,1820,,
ITE4,Lazio,0_CHRONIC_GASTR,malati cronici - affetti da ulcera gastrica o duodenale,HSC,per 100 persone con le stesse caratteristiche,2018,2018,2.4,,
ITF6,Calabria,0_CHRONIC_NERVOUS,malati cronici - affetti da disturbi nervosi,THV,valori in migliaia,2018,2018,102,,
ITD4,Friuli-Venezia Giulia,0_CHRONIC_GASTR,malati cronici - affetti da ulcera gastrica o duodenale,HSC,per 100 persone con le stesse caratteristiche,2018,2018,2.2,,
ITD5,Emilia-Romagna,0_CHRONIC_DIAB,malati cronici - affetti da diabete,HSC,per 100 persone con le stesse caratteristiche,2018,2018,5.3,,
ITD4,Friuli-Venezia Giulia,0_CHRONIC_ALLER,malati cronici - affetti da malattie allergiche,THV,valori in migliaia,2018,2018,119,,
ITC4,Lombardia,0_CHRONIC_ALLER,malati cronici - affetti da malattie allergiche,THV,valori in migliaia,2018,2018,1299,,
ITD2,Provincia Autonoma Trento,0_CHRONIC_GH,persone con malattie croniche in buona salute,THV,valori in migliaia,2018,2018,115,,
ITD2,Provincia Autonoma Trento,0_CHRONIC_HYP,malati cronici - affetti da ipertensione,HSC,per 100 persone con le stesse caratteristiche,2018,2018,14.6,,
ITG2,Sardegna,0_CHRONIC_BRONC,malati cronici - affetti da bronchite cronica,THV,valori in migliaia,2018,2018,112,,
ITF6,Calabria,0_CHRONIC_NERVOUS,malati cronici - affetti da disturbi nervosi,HSC,per 100 persone con le stesse caratteristiche,2018,2018,5.2,,
ITG1,Sicilia,0_CHRONIC_DIAB,malati cronici - affetti da diabete,HSC,per 100 persone con le stesse caratteristiche,2018,2018,6.5,,
ITE1,Toscana,0_CHRONIC_GH,persone con malattie croniche in buona salute,HSC,per 100 persone con le stesse caratteristiche,2018,2018,48.5,,
ITF1,Abruzzo,0_CHRONIC_HYP,malati cronici - affetti da ipertensione,HSC,per 100 persone con le stesse caratteristiche,2018,2018,18.5,,
ITF5,Basilicata,0_CHRONIC_NERVOUS,malati cronici - affetti da disturbi nervosi,HSC,per 100 persone con le stesse caratteristiche,2018,2018,4.4,,
ITD3,Veneto,0_GOOD_H,persone in buona salute,THV,valori in migliaia,2018,2018,3376,,
ITC1,Piemonte,0_CHRONIC_ALLER,malati cronici - affetti da malattie allergiche,THV,valori in migliaia,2018,2018,419,,
ITE2,Umbria,0_CHRONIC_HYP,malati cronici - affetti da ipertensione,THV,valori in migliaia,2018,2018,197,,
ITF2,Molise,0_CHRONIC_GASTR,malati cronici - affetti da ulcera gastrica o duodenale,HSC,per 100 persone con le stesse caratteristiche,2018,2018,2.8,,
ITG2,Sardegna,0_CHRONIC_HEART,malati cronici - affetti da malattie del cuore,HSC,per 100 persone con le stesse caratteristiche,2018,2018,5.1,,
ITE2,Umbria,0_ALEAST_2CRON,persone con almeno due malattie croniche,HSC,per 100 persone con le stesse caratteristiche,2018,2018,27.8,,
ITD2,Provincia Autonoma Trento,0_CHRONIC_GASTR,malati cronici - affetti da ulcera gastrica o duodenale,HSC,per 100 persone con le stesse caratteristiche,2018,2018,2.4,,
ITC1,Piemonte,0_ALEAST_2CRON,persone con almeno due malattie croniche,HSC,per 100 persone con le stesse caratteristiche,2018,2018,21.9,,
ITG1,Sicilia,0_CHRONIC_HYP,malati cronici - affetti da ipertensione,HSC,per 100 persone con le stesse caratteristiche,2018,2018,18.7,,
ITD2,Provincia Autonoma Trento,0_ALEAST_2CRON,persone con almeno due malattie croniche,HSC,per 100 persone con le stesse caratteristiche,2018,2018,16.1,,
ITDA,Trentino Alto Adige / Südtirol,0_ALEAST_1CRON,persone  con almeno una malattia cronica,THV,valori in migliaia,2018,2018,378,,
ITG1,Sicilia,0_CHRONIC_DIAB,malati cronici - affetti da diabete,THV,valori in migliaia,2018,2018,326,,
ITD2,Provincia Autonoma Trento,0_ALEAST_1CRON,persone  con almeno una malattia cronica,THV,valori in migliaia,2018,2018,207,,
ITC4,Lombardia,0_CHRONIC_GASTR,malati cronici - affetti da ulcera gastrica o duodenale,HSC,per 100 persone con le stesse caratteristiche,2018,2018,2.6,,
ITD4,Friuli-Venezia Giulia,0_CHRONIC_HEART,malati cronici - affetti da malattie del cuore,HSC,per 100 persone con le stesse caratteristiche,2018,2018,4.5,,
ITF1,Abruzzo,0_CHRONIC_HYP,malati cronici - affetti da ipertensione,THV,valori in migliaia,2018,2018,242,,
ITD5,Emilia-Romagna,0_CHRONIC_ARTH,"malati cronici - affetti da artrosi, artrite",THV,valori in migliaia,2018,2018,759,,
ITF6,Calabria,0_CHRONIC_ARTH,"malati cronici - affetti da artrosi, artrite",THV,valori in migliaia,2018,2018,378,,
ITC3,Liguria,0_CHRONIC_ARTH,"malati cronici - affetti da artrosi, artrite",HSC,per 100 persone con le stesse caratteristiche,2018,2018,18.8,,
ITD4,Friuli-Venezia Giulia,0_CHRONIC_OSTEO,malati cronici - affetti da osteoporosi,HSC,per 100 persone con le stesse caratteristiche,2018,2018,5.3,,
ITC2,Valle d'Aosta / Vallée d'Aoste,0_CHRONIC_HEART,malati cronici - affetti da malattie del cuore,HSC,per 100 persone con le stesse caratteristiche,2018,2018,3.7,,
ITE4,Lazio,0_CHRONIC_OSTEO,malati cronici - affetti da osteoporosi,HSC,per 100 persone con le stesse caratteristiche,2018,2018,8.9,,
ITG1,Sicilia,0_CHRONIC_HEART,malati cronici - affetti da malattie del cuore,HSC,per 100 persone con le stesse caratteristiche,2018,2018,3.4,,
ITF3,Campania,0_ALEAST_1CRON,persone  con almeno una malattia cronica,THV,valori in migliaia,2018,2018,2178,,
ITF2,Molise,0_CHRONIC_HEART,malati cronici - affetti da malattie del cuore,THV,valori in migliaia,2018,2018,15,,
ITC1,Piemonte,0_CHRONIC_HEART,malati cronici - affetti da malattie del cuore,THV,valori in migliaia,2018,2018,175,,
ITF1,Abruzzo,0_CHRONIC_ALLER,malati cronici - affetti da malattie allergiche,HSC,per 100 persone con le stesse caratteristiche,2018,2018,11.9,,
ITE2,Umbria,0_ALEAST_2CRON,persone con almeno due malattie croniche,THV,valori in migliaia,2018,2018,245,,
ITD3,Veneto,0_CHRONIC_DIAB,malati cronici - affetti da diabete,THV,valori in migliaia,2018,2018,219,,
ITDA,Trentino Alto Adige / Südtirol,0_CHRONIC_HYP,malati cronici - affetti da ipertensione,HSC,per 100 persone con le stesse caratteristiche,2018,2018,13.7,,
ITE1,Toscana,0_CHRONIC_BRONC,malati cronici - affetti da bronchite cronica,THV,valori in migliaia,2018,2018,201,,
ITD3,Veneto,0_CHRONIC_BRONC,malati cronici - affetti da bronchite cronica,HSC,per 100 persone con le stesse caratteristiche,2018,2018,6,,
ITC3,Liguria,0_ALEAST_2CRON,persone con almeno due malattie croniche,THV,valori in migliaia,2018,2018,382,,
ITG1,Sicilia,0_CHRONIC_NERVOUS,malati cronici - affetti da disturbi nervosi,THV,valori in migliaia,2018,2018,299,,
ITD1,Provincia Autonoma Bolzano / Bozen,0_CHRONIC_GH,persone con malattie croniche in buona salute,THV,valori in migliaia,2018,2018,115,,
ITC1,Piemonte,0_CHRONIC_HEART,malati cronici - affetti da malattie del cuore,HSC,per 100 persone con le stesse caratteristiche,2018,2018,4,,
ITD4,Friuli-Venezia Giulia,0_ALEAST_1CRON,persone  con almeno una malattia cronica,THV,valori in migliaia,2018,2018,495,,
ITD3,Veneto,0_CHRONIC_NERVOUS,malati cronici - affetti da disturbi nervosi,THV,valori in migliaia,2018,2018,178,,
ITDA,Trentino Alto Adige / Südtirol,0_CHRONIC_GASTR,malati cronici - affetti da ulcera gastrica o duodenale,HSC,per 100 persone con le stesse caratteristiche,2018,2018,1.9,,
ITG2,Sardegna,0_CHRONIC_BRONC,malati cronici - affetti da bronchite cronica,HSC,per 100 persone con le stesse caratteristiche,2018,2018,6.8,,
ITDA,Trentino Alto Adige / Südtirol,0_CHRONIC_ALLER,malati cronici - affetti da malattie allergiche,THV,valori in migliaia,2018,2018,118,,
ITG1,Sicilia,0_CHRONIC_BRONC,malati cronici - affetti da bronchite cronica,HSC,per 100 persone con le stesse caratteristiche,2018,2018,5.2,,
ITD5,Emilia-Romagna,0_CHRONIC_ALLER,malati cronici - affetti da malattie allergiche,HSC,per 100 persone con le stesse caratteristiche,2018,2018,11.1,,
ITC3,Liguria,0_CHRONIC_NERVOUS,malati cronici - affetti da disturbi nervosi,HSC,per 100 persone con le stesse caratteristiche,2018,2018,5.3,,
ITE4,Lazio,0_CHRONIC_ARTH,"malati cronici - affetti da artrosi, artrite",THV,valori in migliaia,2018,2018,984,,
ITD5,Emilia-Romagna,0_CHRONIC_OSTEO,malati cronici - affetti da osteoporosi,THV,valori in migliaia,2018,2018,303,,
ITF6,Calabria,0_CHRONIC_OSTEO,malati cronici - affetti da osteoporosi,THV,valori in migliaia,2018,2018,206,,
ITE4,Lazio,0_CHRONIC_HEART,malati cronici - affetti da malattie del cuore,HSC,per 100 persone con le stesse caratteristiche,2018,2018,3.4,,
ITG1,Sicilia,0_ALEAST_2CRON,persone con almeno due malattie croniche,THV,valori in migliaia,2018,2018,1126,,
ITF4,Puglia,0_CHRONIC_GH,persone con malattie croniche in buona salute,THV,valori in migliaia,2018,2018,636,,
ITC2,Valle d'Aosta / Vallée d'Aoste,0_GOOD_H,persone in buona salute,HSC,per 100 persone con le stesse caratteristiche,2018,2018,72.6,,
ITD1,Provincia Autonoma Bolzano / Bozen,0_CHRONIC_OSTEO,malati cronici - affetti da osteoporosi,THV,valori in migliaia,2018,2018,20,,
ITDA,Trentino Alto Adige / Südtirol,0_CHRONIC_GASTR,malati cronici - affetti da ulcera gastrica o duodenale,THV,valori in migliaia,2018,2018,20,,
ITF3,Campania,0_CHRONIC_HYP,malati cronici - affetti da ipertensione,HSC,per 100 persone con le stesse caratteristiche,2018,2018,19.3,,
ITE1,Toscana,0_CHRONIC_OSTEO,malati cronici - affetti da osteoporosi,HSC,per 100 persone con le stesse caratteristiche,2018,2018,7.4,,
ITDA,Trentino Alto Adige / Südtirol,0_CHRONIC_ARTH,"malati cronici - affetti da artrosi, artrite",THV,valori in migliaia,2018,2018,117,,
ITD5,Emilia-Romagna,0_CHRONIC_OSTEO,malati cronici - affetti da osteoporosi,HSC,per 100 persone con le stesse caratteristiche,2018,2018,6.8,,
ITE1,Toscana,0_CHRONIC_DIAB,malati cronici - affetti da diabete,THV,valori in migliaia,2018,2018,189,,
ITD2,Provincia Autonoma Trento,0_CHRONIC_DIAB,malati cronici - affetti da diabete,THV,valori in migliaia,2018,2018,23,,
ITF6,Calabria,0_CHRONIC_OSTEO,malati cronici - affetti da osteoporosi,HSC,per 100 persone con le stesse caratteristiche,2018,2018,10.6,,
ITE1,Toscana,0_GOOD_H,persone in buona salute,HSC,per 100 persone con le stesse caratteristiche,2018,2018,71,,
ITF5,Basilicata,0_CHRONIC_ARTH,"malati cronici - affetti da artrosi, artrite",HSC,per 100 persone con le stesse caratteristiche,2018,2018,19.8,,
ITF2,Molise,0_GOOD_H,persone in buona salute,HSC,per 100 persone con le stesse caratteristiche,2018,2018,66.3,,
ITC1,Piemonte,0_GOOD_H,persone in buona salute,HSC,per 100 persone con le stesse caratteristiche,2018,2018,68.5,,
ITD2,Provincia Autonoma Trento,0_CHRONIC_ARTH,"malati cronici - affetti da artrosi, artrite",THV,valori in migliaia,2018,2018,65,,
ITE3,Marche,0_ALEAST_2CRON,persone con almeno due malattie croniche,HSC,per 100 persone con le stesse caratteristiche,2018,2018,19.4,,
ITC2,Valle d'Aosta / Vallée d'Aoste,0_CHRONIC_DIAB,malati cronici - affetti da diabete,THV,valori in migliaia,2018,2018,3,,
ITC2,Valle d'Aosta / Vallée d'Aoste,0_CHRONIC_BRONC,malati cronici - affetti da bronchite cronica,HSC,per 100 persone con le stesse caratteristiche,2018,2018,5.5,,
ITE3,Marche,0_GOOD_H,persone in buona salute,THV,valori in migliaia,2018,2018,1059,,
ITF3,Campania,0_CHRONIC_GASTR,malati cronici - affetti da ulcera gastrica o duodenale,HSC,per 100 persone con le stesse caratteristiche,2018,2018,1.9,,
ITF3,Campania,0_CHRONIC_ALLER,malati cronici - affetti da malattie allergiche,THV,valori in migliaia,2018,2018,662,,
ITG2,Sardegna,0_GOOD_H,persone in buona salute,HSC,per 100 persone con le stesse caratteristiche,2018,2018,66.4,,
ITE2,Umbria,0_CHRONIC_GH,persone con malattie croniche in buona salute,HSC,per 100 persone con le stesse caratteristiche,2018,2018,43.7,,
ITF3,Campania,0_CHRONIC_HEART,malati cronici - affetti da malattie del cuore,THV,valori in migliaia,2018,2018,206,,
ITG2,Sardegna,0_CHRONIC_GH,persone con malattie croniche in buona salute,THV,valori in migliaia,2018,2018,298,,
ITE3,Marche,0_ALEAST_2CRON,persone con almeno due malattie croniche,THV,valori in migliaia,2018,2018,295,,
ITF5,Basilicata,0_CHRONIC_GASTR,malati cronici - affetti da ulcera gastrica o duodenale,THV,valori in migliaia,2018,2018,23,,
ITG2,Sardegna,0_ALEAST_2CRON,persone con almeno due malattie croniche,THV,valori in migliaia,2018,2018,432,,
ITE1,Toscana,0_CHRONIC_BRONC,malati cronici - affetti da bronchite cronica,HSC,per 100 persone con le stesse caratteristiche,2018,2018,5.4,,
ITG1,Sicilia,0_ALEAST_2CRON,persone con almeno due malattie croniche,HSC,per 100 persone con le stesse caratteristiche,2018,2018,22.5,,
ITF2,Molise,0_CHRONIC_DIAB,malati cronici - affetti da diabete,THV,valori in migliaia,2018,2018,21,,
ITC1,Piemonte,0_CHRONIC_DIAB,malati cronici - affetti da diabete,THV,valori in migliaia,2018,2018,202,,
ITD1,Provincia Autonoma Bolzano / Bozen,0_CHRONIC_HYP,malati cronici - affetti da ipertensione,HSC,per 100 persone con le stesse caratteristiche,2018,2018,12.8,,
ITG1,Sicilia,0_ALEAST_1CRON,persone  con almeno una malattia cronica,THV,valori in migliaia,2018,2018,1868,,
ITC3,Liguria,0_CHRONIC_OSTEO,malati cronici - affetti da osteoporosi,THV,valori in migliaia,2018,2018,176,,
ITF1,Abruzzo,0_CHRONIC_GH,persone con malattie croniche in buona salute,HSC,per 100 persone con le stesse caratteristiche,2018,2018,38.8,,
ITC4,Lombardia,0_CHRONIC_GH,persone con malattie croniche in buona salute,THV,valori in migliaia,2018,2018,1995,,
ITF5,Basilicata,0_CHRONIC_HEART,malati cronici - affetti da malattie del cuore,HSC,per 100 persone con le stesse caratteristiche,2018,2018,4.1,,
ITE3,Marche,0_CHRONIC_NERVOUS,malati cronici - affetti da disturbi nervosi,THV,valori in migliaia,2018,2018,58,,
ITE4,Lazio,0_CHRONIC_GH,persone con malattie croniche in buona salute,THV,valori in migliaia,2018,2018,1054,,
ITG2,Sardegna,0_CHRONIC_DIAB,malati cronici - affetti da diabete,THV,valori in migliaia,2018,2018,77,,
ITF4,Puglia,0_CHRONIC_GH,persone con malattie croniche in buona salute,HSC,per 100 persone con le stesse caratteristiche,2018,2018,39.1,,
ITC1,Piemonte,0_CHRONIC_ARTH,"malati cronici - affetti da artrosi, artrite",THV,valori in migliaia,2018,2018,719,,
ITE2,Umbria,0_CHRONIC_OSTEO,malati cronici - affetti da osteoporosi,THV,valori in migliaia,2018,2018,82,,
ITF2,Molise,0_CHRONIC_ARTH,"malati cronici - affetti da artrosi, artrite",THV,valori in migliaia,2018,2018,55,,
ITF2,Molise,0_CHRONIC_HEART,malati cronici - affetti da malattie del cuore,HSC,per 100 persone con le stesse caratteristiche,2018,2018,4.8,,
ITD1,Provincia Autonoma Bolzano / Bozen,0_CHRONIC_OSTEO,malati cronici - affetti da osteoporosi,HSC,per 100 persone con le stesse caratteristiche,2018,2018,3.9,,
ITE2,Umbria,0_CHRONIC_DIAB,malati cronici - affetti da diabete,HSC,per 100 persone con le stesse caratteristiche,2018,2018,6.4,,
ITD2,Provincia Autonoma Trento,0_CHRONIC_HEART,malati cronici - affetti da malattie del cuore,HSC,per 100 persone con le stesse caratteristiche,2018,2018,4.5,,
ITC2,Valle d'Aosta / Vallée d'Aoste,0_CHRONIC_GH,persone con malattie croniche in buona salute,THV,valori in migliaia,2018,2018,23,,
ITC1,Piemonte,0_CHRONIC_BRONC,malati cronici - affetti da bronchite cronica,THV,valori in migliaia,2018,2018,269,,
ITE1,Toscana,0_CHRONIC_NERVOUS,malati cronici - affetti da disturbi nervosi,HSC,per 100 persone con le stesse caratteristiche,2018,2018,4.5,,
ITF2,Molise,0_CHRONIC_BRONC,malati cronici - affetti da bronchite cronica,THV,valori in migliaia,2018,2018,19,,
ITF1,Abruzzo,0_CHRONIC_ARTH,"malati cronici - affetti da artrosi, artrite",HSC,per 100 persone con le stesse caratteristiche,2018,2018,17.9,,
ITD3,Veneto,0_ALEAST_2CRON,persone con almeno due malattie croniche,THV,valori in migliaia,2018,2018,940,,
ITD1,Provincia Autonoma Bolzano / Bozen,0_CHRONIC_ALLER,malati cronici - affetti da malattie allergiche,HSC,per 100 persone con le stesse caratteristiche,2018,2018,10.3,,
ITE2,Umbria,0_CHRONIC_DIAB,malati cronici - affetti da diabete,THV,valori in migliaia,2018,2018,56,,
ITE1,Toscana,0_CHRONIC_HEART,malati cronici - affetti da malattie del cuore,THV,valori in migliaia,2018,2018,131,,
ITG2,Sardegna,0_CHRONIC_DIAB,malati cronici - affetti da diabete,HSC,per 100 persone con le stesse caratteristiche,2018,2018,4.7,,
ITF1,Abruzzo,0_CHRONIC_BRONC,malati cronici - affetti da bronchite cronica,HSC,per 100 persone con le stesse caratteristiche,2018,2018,6.7,,
ITDA,Trentino Alto Adige / Südtirol,0_ALEAST_2CRON,persone con almeno due malattie croniche,HSC,per 100 persone con le stesse caratteristiche,2018,2018,14.5,,
ITF2,Molise,0_CHRONIC_ARTH,"malati cronici - affetti da artrosi, artrite",HSC,per 100 persone con le stesse caratteristiche,2018,2018,17.9,,
ITC1,Piemonte,0_CHRONIC_ARTH,"malati cronici - affetti da artrosi, artrite",HSC,per 100 persone con le stesse caratteristiche,2018,2018,16.6,,
ITD2,Provincia Autonoma Trento,0_CHRONIC_OSTEO,malati cronici - affetti da osteoporosi,THV,valori in migliaia,2018,2018,29,,
ITE1,Toscana,0_CHRONIC_ALLER,malati cronici - affetti da malattie allergiche,HSC,per 100 persone con le stesse caratteristiche,2018,2018,11.4,,
ITC1,Piemonte,0_CHRONIC_HYP,malati cronici - affetti da ipertensione,THV,valori in migliaia,2018,2018,833,,
ITE3,Marche,0_CHRONIC_ARTH,"malati cronici - affetti da artrosi, artrite",THV,valori in migliaia,2018,2018,237,,
ITC2,Valle d'Aosta / Vallée d'Aoste,0_CHRONIC_NERVOUS,malati cronici - affetti da disturbi nervosi,HSC,per 100 persone con le stesse caratteristiche,2018,2018,4.9,,
ITC2,Valle d'Aosta / Vallée d'Aoste,0_CHRONIC_HEART,malati cronici - affetti da malattie del cuore,THV,valori in migliaia,2018,2018,5,,
ITC4,Lombardia,0_CHRONIC_ARTH,"malati cronici - affetti da artrosi, artrite",HSC,per 100 persone con le stesse caratteristiche,2018,2018,15.3,,
ITE4,Lazio,0_ALEAST_2CRON,persone con almeno due malattie croniche,HSC,per 100 persone con le stesse caratteristiche,2018,2018,21.2,,
ITF6,Calabria,0_ALEAST_1CRON,persone  con almeno una malattia cronica,THV,valori in migliaia,2018,2018,770,,
ITE3,Marche,0_CHRONIC_HEART,malati cronici - affetti da malattie del cuore,HSC,per 100 persone con le stesse caratteristiche,2018,2018,3.7,,
ITE2,Umbria,0_CHRONIC_ALLER,malati cronici - affetti da malattie allergiche,THV,valori in migliaia,2018,2018,114,,
ITD3,Veneto,0_CHRONIC_HEART,malati cronici - affetti da malattie del cuore,HSC,per 100 persone con le stesse caratteristiche,2018,2018,4.3,,
ITC3,Liguria,0_CHRONIC_ALLER,malati cronici - affetti da malattie allergiche,THV,valori in migliaia,2018,2018,183,,
ITD4,Friuli-Venezia Giulia,0_CHRONIC_ALLER,malati cronici - affetti da malattie allergiche,HSC,per 100 persone con le stesse caratteristiche,2018,2018,9.9,,
ITF5,Basilicata,0_ALEAST_1CRON,persone  con almeno una malattia cronica,HSC,per 100 persone con le stesse caratteristiche,2018,2018,44.4,,
ITC1,Piemonte,0_CHRONIC_BRONC,malati cronici - affetti da bronchite cronica,HSC,per 100 persone con le stesse caratteristiche,2018,2018,6.2,,
ITF1,Abruzzo,0_CHRONIC_GASTR,malati cronici - affetti da ulcera gastrica o duodenale,THV,valori in migliaia,2018,2018,41,,
ITE4,Lazio,0_ALEAST_1CRON,persone  con almeno una malattia cronica,THV,valori in migliaia,2018,2018,2405,,
ITD3,Veneto,0_CHRONIC_OSTEO,malati cronici - affetti da osteoporosi,THV,valori in migliaia,2018,2018,282,,
ITF3,Campania,0_CHRONIC_HEART,malati cronici - affetti da malattie del cuore,HSC,per 100 persone con le stesse caratteristiche,2018,2018,3.5,,
ITF4,Puglia,0_CHRONIC_GASTR,malati cronici - affetti da ulcera gastrica o duodenale,HSC,per 100 persone con le stesse caratteristiche,2018,2018,1.7,,
ITD4,Friuli-Venezia Giulia,0_CHRONIC_GASTR,malati cronici - affetti da ulcera gastrica o duodenale,THV,valori in migliaia,2018,2018,26,,
ITD5,Emilia-Romagna,0_CHRONIC_BRONC,malati cronici - affetti da bronchite cronica,HSC,per 100 persone con le stesse caratteristiche,2018,2018,5.8,,
ITF4,Puglia,0_CHRONIC_ALLER,malati cronici - affetti da malattie allergiche,THV,valori in migliaia,2018,2018,476,,
ITF6,Calabria,0_CHRONIC_BRONC,malati cronici - affetti da bronchite cronica,HSC,per 100 persone con le stesse caratteristiche,2018,2018,6.4,,
ITF5,Basilicata,0_CHRONIC_DIAB,malati cronici - affetti da diabete,THV,valori in migliaia,2018,2018,40,,
ITD5,Emilia-Romagna,0_CHRONIC_DIAB,malati cronici - affetti da diabete,THV,valori in migliaia,2018,2018,233,,
ITF6,Calabria,0_CHRONIC_DIAB,malati cronici - affetti da diabete,THV,valori in migliaia,2018,2018,160,,
ITF4,Puglia,0_ALEAST_1CRON,persone  con almeno una malattia cronica,THV,valori in migliaia,2018,2018,1630,,
ITC1,Piemonte,0_CHRONIC_NERVOUS,malati cronici - affetti da disturbi nervosi,HSC,per 100 persone con le stesse caratteristiche,2018,2018,5.1,,
ITG2,Sardegna,0_CHRONIC_OSTEO,malati cronici - affetti da osteoporosi,HSC,per 100 persone con le stesse caratteristiche,2018,2018,12.4,,
ITDA,Trentino Alto Adige / Südtirol,0_CHRONIC_HEART,malati cronici - affetti da malattie del cuore,THV,valori in migliaia,2018,2018,36,,
ITD1,Provincia Autonoma Bolzano / Bozen,0_CHRONIC_HYP,malati cronici - affetti da ipertensione,THV,valori in migliaia,2018,2018,67,,
ITG1,Sicilia,0_CHRONIC_GASTR,malati cronici - affetti da ulcera gastrica o duodenale,THV,valori in migliaia,2018,2018,143,,
ITF2,Molise,0_CHRONIC_HYP,malati cronici - affetti da ipertensione,THV,valori in migliaia,2018,2018,63,,
ITD1,Provincia Autonoma Bolzano / Bozen,0_CHRONIC_DIAB,malati cronici - affetti da diabete,THV,valori in migliaia,2018,2018,14,,
ITDA,Trentino Alto Adige / Südtirol,0_CHRONIC_OSTEO,malati cronici - affetti da osteoporosi,THV,valori in migliaia,2018,2018,50,,
ITD1,Provincia Autonoma Bolzano / Bozen,0_CHRONIC_BRONC,malati cronici - affetti da bronchite cronica,HSC,per 100 persone con le stesse caratteristiche,2018,2018,2.8,,
ITF4,Puglia,0_CHRONIC_ARTH,"malati cronici - affetti da artrosi, artrite",THV,valori in migliaia,2018,2018,686,,
ITF2,Molise,0_CHRONIC_BRONC,malati cronici - affetti da bronchite cronica,HSC,per 100 persone con le stesse caratteristiche,2018,2018,6.3,,
ITD3,Veneto,0_CHRONIC_ALLER,malati cronici - affetti da malattie allergiche,HSC,per 100 persone con le stesse caratteristiche,2018,2018,12.2,,
ITDA,Trentino Alto Adige / Südtirol,0_CHRONIC_HEART,malati cronici - affetti da malattie del cuore,HSC,per 100 persone con le stesse caratteristiche,2018,2018,3.4,,
ITC2,Valle d'Aosta / Vallée d'Aoste,0_ALEAST_2CRON,persone con almeno due malattie croniche,THV,valori in migliaia,2018,2018,26,,
ITC3,Liguria,0_GOOD_H,persone in buona salute,THV,valori in migliaia,2018,2018,1016,,
ITF2,Molise,0_CHRONIC_NERVOUS,malati cronici - affetti da disturbi nervosi,HSC,per 100 persone con le stesse caratteristiche,2018,2018,5.8,,
ITD2,Provincia Autonoma Trento,0_CHRONIC_HEART,malati cronici - affetti da malattie del cuore,THV,valori in migliaia,2018,2018,24,,
ITD3,Veneto,0_CHRONIC_GH,persone con malattie croniche in buona salute,HSC,per 100 persone con le stesse caratteristiche,2018,2018,45.8,,
ITC3,Liguria,0_CHRONIC_ALLER,malati cronici - affetti da malattie allergiche,HSC,per 100 persone con le stesse caratteristiche,2018,2018,11.8,,
ITD4,Friuli-Venezia Giulia,0_CHRONIC_HYP,malati cronici - affetti da ipertensione,HSC,per 100 persone con le stesse caratteristiche,2018,2018,17.5,,
ITC4,Lombardia,0_CHRONIC_HYP,malati cronici - affetti da ipertensione,HSC,per 100 persone con le stesse caratteristiche,2018,2018,17.4,,
ITE4,Lazio,0_CHRONIC_HYP,malati cronici - affetti da ipertensione,HSC,per 100 persone con le stesse caratteristiche,2018,2018,17.8,,
ITD4,Friuli-Venezia Giulia,0_CHRONIC_DIAB,malati cronici - affetti da diabete,THV,valori in migliaia,2018,2018,64,,
ITC2,Valle d'Aosta / Vallée d'Aoste,0_CHRONIC_HYP,malati cronici - affetti da ipertensione,THV,valori in migliaia,2018,2018,20,,
ITC3,Liguria,0_CHRONIC_HEART,malati cronici - affetti da malattie del cuore,THV,valori in migliaia,2018,2018,63,,
ITC4,Lombardia,0_CHRONIC_DIAB,malati cronici - affetti da diabete,THV,valori in migliaia,2018,2018,463,,
ITE3,Marche,0_ALEAST_1CRON,persone  con almeno una malattia cronica,THV,valori in migliaia,2018,2018,597,,
ITDA,Trentino Alto Adige / Südtirol,0_CHRONIC_ALLER,malati cronici - affetti da malattie allergiche,HSC,per 100 persone con le stesse caratteristiche,2018,2018,11.2,,
ITF4,Puglia,0_GOOD_H,persone in buona salute,THV,valori in migliaia,2018,2018,2765,,
ITE1,Toscana,0_CHRONIC_HYP,malati cronici - affetti da ipertensione,THV,valori in migliaia,2018,2018,641,,
ITG2,Sardegna,0_ALEAST_2CRON,persone con almeno due malattie croniche,HSC,per 100 persone con le stesse caratteristiche,2018,2018,26.3,,
ITC3,Liguria,0_ALEAST_2CRON,persone con almeno due malattie croniche,HSC,per 100 persone con le stesse caratteristiche,2018,2018,24.7,,
ITF3,Campania,0_CHRONIC_ARTH,"malati cronici - affetti da artrosi, artrite",THV,valori in migliaia,2018,2018,898,,
ITF4,Puglia,0_ALEAST_1CRON,persone  con almeno una malattia cronica,HSC,per 100 persone con le stesse caratteristiche,2018,2018,40.4,,
ITC2,Valle d'Aosta / Vallée d'Aoste,0_CHRONIC_GH,persone con malattie croniche in buona salute,HSC,per 100 persone con le stesse caratteristiche,2018,2018,47,,
ITE2,Umbria,0_GOOD_H,persone in buona salute,THV,valori in migliaia,2018,2018,586,,
ITC3,Liguria,0_CHRONIC_NERVOUS,malati cronici - affetti da disturbi nervosi,THV,valori in migliaia,2018,2018,82,,
ITF2,Molise,0_GOOD_H,persone in buona salute,THV,valori in migliaia,2018,2018,204,,
ITF1,Abruzzo,0_ALEAST_1CRON,persone  con almeno una malattia cronica,HSC,per 100 persone con le stesse caratteristiche,2018,2018,40.2,,
ITF5,Basilicata,0_CHRONIC_GASTR,malati cronici - affetti da ulcera gastrica o duodenale,HSC,per 100 persone con le stesse caratteristiche,2018,2018,4.1,,
ITC4,Lombardia,0_CHRONIC_BRONC,malati cronici - affetti da bronchite cronica,THV,valori in migliaia,2018,2018,681,,
ITE3,Marche,0_CHRONIC_OSTEO,malati cronici - affetti da osteoporosi,THV,valori in migliaia,2018,2018,106,,
ITC2,Valle d'Aosta / Vallée d'Aoste,0_CHRONIC_ALLER,malati cronici - affetti da malattie allergiche,THV,valori in migliaia,2018,2018,14,,
ITE4,Lazio,0_CHRONIC_GASTR,malati cronici - affetti da ulcera gastrica o duodenale,THV,valori in migliaia,2018,2018,139,,
ITG1,Sicilia,0_GOOD_H,persone in buona salute,HSC,per 100 persone con le stesse caratteristiche,2018,2018,67.4,,
ITF4,Puglia,0_CHRONIC_HEART,malati cronici - affetti da malattie del cuore,HSC,per 100 persone con le stesse caratteristiche,2018,2018,4.3,,
ITD4,Friuli-Venezia Giulia,0_CHRONIC_HEART,malati cronici - affetti da malattie del cuore,THV,valori in migliaia,2018,2018,55,,
ITF5,Basilicata,0_CHRONIC_OSTEO,malati cronici - affetti da osteoporosi,HSC,per 100 persone con le stesse caratteristiche,2018,2018,9.7,,
ITF4,Puglia,0_CHRONIC_BRONC,malati cronici - affetti da bronchite cronica,THV,valori in migliaia,2018,2018,224,,
ITE4,Lazio,0_CHRONIC_OSTEO,malati cronici - affetti da osteoporosi,THV,valori in migliaia,2018,2018,520,,
ITD5,Emilia-Romagna,0_ALEAST_1CRON,persone  con almeno una malattia cronica,THV,valori in migliaia,2018,2018,1918,,
ITF2,Molise,0_CHRONIC_DIAB,malati cronici - affetti da diabete,HSC,per 100 persone con le stesse caratteristiche,2018,2018,6.9,,
ITD2,Provincia Autonoma Trento,0_CHRONIC_HYP,malati cronici - affetti da ipertensione,THV,valori in migliaia,2018,2018,78,,
ITD3,Veneto,0_GOOD_H,persone in buona salute,HSC,per 100 persone con le stesse caratteristiche,2018,2018,69.4,,
ITE1,Toscana,0_ALEAST_2CRON,persone con almeno due malattie croniche,HSC,per 100 persone con le stesse caratteristiche,2018,2018,20.1,,
ITF3,Campania,0_CHRONIC_HYP,malati cronici - affetti da ipertensione,THV,valori in migliaia,2018,2018,1121,,
ITG1,Sicilia,0_CHRONIC_HEART,malati cronici - affetti da malattie del cuore,THV,valori in migliaia,2018,2018,171,,
ITD5,Emilia-Romagna,0_CHRONIC_GH,persone con malattie croniche in buona salute,HSC,per 100 persone con le stesse caratteristiche,2018,2018,43.8,,
ITF5,Basilicata,0_CHRONIC_ARTH,"malati cronici - affetti da artrosi, artrite",THV,valori in migliaia,2018,2018,112,,
ITD5,Emilia-Romagna,0_ALEAST_2CRON,persone con almeno due malattie croniche,THV,valori in migliaia,2018,2018,925,,
ITE3,Marche,0_CHRONIC_ALLER,malati cronici - affetti da malattie allergiche,HSC,per 100 persone con le stesse caratteristiche,2018,2018,9.2,,
ITF6,Calabria,0_ALEAST_2CRON,persone con almeno due malattie croniche,THV,valori in migliaia,2018,2018,474,,
ITF3,Campania,0_CHRONIC_NERVOUS,malati cronici - affetti da disturbi nervosi,THV,valori in migliaia,2018,2018,275,,
ITE4,Lazio,0_CHRONIC_DIAB,malati cronici - affetti da diabete,THV,valori in migliaia,2018,2018,340,,
ITD4,Friuli-Venezia Giulia,0_CHRONIC_GH,persone con malattie croniche in buona salute,HSC,per 100 persone con le stesse caratteristiche,2018,2018,41.3,,
ITF3,Campania,0_CHRONIC_ALLER,malati cronici - affetti da malattie allergiche,HSC,per 100 persone con le stesse caratteristiche,2018,2018,11.4,,
ITE2,Umbria,0_CHRONIC_GH,persone con malattie croniche in buona salute,THV,valori in migliaia,2018,2018,184,,
ITDA,Trentino Alto Adige / Südtirol,0_CHRONIC_HYP,malati cronici - affetti da ipertensione,THV,valori in migliaia,2018,2018,145,,
ITD1,Provincia Autonoma Bolzano / Bozen,0_ALEAST_2CRON,persone con almeno due malattie croniche,THV,valori in migliaia,2018,2018,67,,
ITF1,Abruzzo,0_CHRONIC_GASTR,malati cronici - affetti da ulcera gastrica o duodenale,HSC,per 100 persone con le stesse caratteristiche,2018,2018,3.1,,
ITD3,Veneto,0_CHRONIC_BRONC,malati cronici - affetti da bronchite cronica,THV,valori in migliaia,2018,2018,292,,
ITD1,Provincia Autonoma Bolzano / Bozen,0_CHRONIC_GH,persone con malattie croniche in buona salute,HSC,per 100 persone con le stesse caratteristiche,2018,2018,67.2,,
ITDA,Trentino Alto Adige / Südtirol,0_CHRONIC_ARTH,"malati cronici - affetti da artrosi, artrite",HSC,per 100 persone con le stesse caratteristiche,2018,2018,11.1,,
ITD4,Friuli-Venezia Giulia,0_ALEAST_2CRON,persone con almeno due malattie croniche,HSC,per 100 persone con le stesse caratteristiche,2018,2018,19.7,,
ITF5,Basilicata,0_CHRONIC_BRONC,malati cronici - affetti da bronchite cronica,THV,valori in migliaia,2018,2018,40,,
ITE2,Umbria,0_CHRONIC_GASTR,malati cronici - affetti da ulcera gastrica o duodenale,HSC,per 100 persone con le stesse caratteristiche,2018,2018,3.5,,
ITF3,Campania,0_CHRONIC_GASTR,malati cronici - affetti da ulcera gastrica o duodenale,THV,valori in migliaia,2018,2018,113,,
ITD4,Friuli-Venezia Giulia,0_CHRONIC_HYP,malati cronici - affetti da ipertensione,THV,valori in migliaia,2018,2018,211,,
ITF4,Puglia,0_CHRONIC_HYP,malati cronici - affetti da ipertensione,HSC,per 100 persone con le stesse caratteristiche,2018,2018,18.8,,
ITE3,Marche,0_CHRONIC_DIAB,malati cronici - affetti da diabete,THV,valori in migliaia,2018,2018,75,,
ITC2,Valle d'Aosta / Vallée d'Aoste,0_CHRONIC_BRONC,malati cronici - affetti da bronchite cronica,THV,valori in migliaia,2018,2018,7,,
ITC4,Lombardia,0_CHRONIC_OSTEO,malati cronici - affetti da osteoporosi,HSC,per 100 persone con le stesse caratteristiche,2018,2018,7.9,,
ITE2,Umbria,0_CHRONIC_NERVOUS,malati cronici - affetti da disturbi nervosi,THV,valori in migliaia,2018,2018,58,,
ITE1,Toscana,0_GOOD_H,persone in buona salute,THV,valori in migliaia,2018,2018,2642,,
ITG1,Sicilia,0_CHRONIC_NERVOUS,malati cronici - affetti da disturbi nervosi,HSC,per 100 persone con le stesse caratteristiche,2018,2018,6,,
ITD2,Provincia Autonoma Trento,0_CHRONIC_ARTH,"malati cronici - affetti da artrosi, artrite",HSC,per 100 persone con le stesse caratteristiche,2018,2018,12.1,,
ITE1,Toscana,0_CHRONIC_OSTEO,malati cronici - affetti da osteoporosi,THV,valori in migliaia,2018,2018,276,,
ITC2,Valle d'Aosta / Vallée d'Aoste,0_GOOD_H,persone in buona salute,THV,valori in migliaia,2018,2018,91,,
ITF1,Abruzzo,0_CHRONIC_ALLER,malati cronici - affetti da malattie allergiche,THV,valori in migliaia,2018,2018,156,,
ITD1,Provincia Autonoma Bolzano / Bozen,0_CHRONIC_ALLER,malati cronici - affetti da malattie allergiche,THV,valori in migliaia,2018,2018,54,,
ITF3,Campania,0_CHRONIC_DIAB,malati cronici - affetti da diabete,HSC,per 100 persone con le stesse caratteristiche,2018,2018,6.5,,
ITF4,Puglia,0_CHRONIC_OSTEO,malati cronici - affetti da osteoporosi,THV,valori in migliaia,2018,2018,380,,
ITF5,Basilicata,0_GOOD_H,persone in buona salute,THV,valori in migliaia,2018,2018,370,,
ITE2,Umbria,0_CHRONIC_HYP,malati cronici - affetti da ipertensione,HSC,per 100 persone con le stesse caratteristiche,2018,2018,22.4,,
ITC3,Liguria,0_CHRONIC_HYP,malati cronici - affetti da ipertensione,HSC,per 100 persone con le stesse caratteristiche,2018,2018,20.9,,
ITC4,Lombardia,0_ALEAST_1CRON,persone  con almeno una malattia cronica,HSC,per 100 persone con le stesse caratteristiche,2018,2018,41.8,,
ITC2,Valle d'Aosta / Vallée d'Aoste,0_CHRONIC_DIAB,malati cronici - affetti da diabete,HSC,per 100 persone con le stesse caratteristiche,2018,2018,2.7,,
ITE2,Umbria,0_CHRONIC_GASTR,malati cronici - affetti da ulcera gastrica o duodenale,THV,valori in migliaia,2018,2018,31,,
ITE4,Lazio,0_CHRONIC_GH,persone con malattie croniche in buona salute,HSC,per 100 persone con le stesse caratteristiche,2018,2018,43.8,,
ITD3,Veneto,0_CHRONIC_HEART,malati cronici - affetti da malattie del cuore,THV,valori in migliaia,2018,2018,208,,
ITD5,Emilia-Romagna,0_CHRONIC_BRONC,malati cronici - affetti da bronchite cronica,THV,valori in migliaia,2018,2018,255,,
ITC2,Valle d'Aosta / Vallée d'Aoste,0_CHRONIC_OSTEO,malati cronici - affetti da osteoporosi,HSC,per 100 persone con le stesse caratteristiche,2018,2018,7.8,,
ITE3,Marche,0_CHRONIC_BRONC,malati cronici - affetti da bronchite cronica,HSC,per 100 persone con le stesse caratteristiche,2018,2018,5.5,,
ITD2,Provincia Autonoma Trento,0_CHRONIC_GASTR,malati cronici - affetti da ulcera gastrica o duodenale,THV,valori in migliaia,2018,2018,13,,
ITD4,Friuli-Venezia Giulia,0_CHRONIC_ARTH,"malati cronici - affetti da artrosi, artrite",HSC,per 100 persone con le stesse caratteristiche,2018,2018,16,,
ITF2,Molise,0_ALEAST_2CRON,persone con almeno due malattie croniche,HSC,per 100 persone con le stesse caratteristiche,2018,2018,23.8,,
ITE1,Toscana,0_CHRONIC_DIAB,malati cronici - affetti da diabete,HSC,per 100 persone con le stesse caratteristiche,2018,2018,5.1,,
ITC1,Piemonte,0_GOOD_H,persone in buona salute,THV,valori in migliaia,2018,2018,2974,,
ITD4,Friuli-Venezia Giulia,0_ALEAST_2CRON,persone con almeno due malattie croniche,THV,valori in migliaia,2018,2018,238,,
ITF4,Puglia,0_ALEAST_2CRON,persone con almeno due malattie croniche,HSC,per 100 persone con le stesse caratteristiche,2018,2018,21.7,,
ITC3,Liguria,0_ALEAST_1CRON,persone  con almeno una malattia cronica,THV,valori in migliaia,2018,2018,699,,
ITD2,Provincia Autonoma Trento,0_CHRONIC_ALLER,malati cronici - affetti da malattie allergiche,HSC,per 100 persone con le stesse caratteristiche,2018,2018,12,,
ITF5,Basilicata,0_ALEAST_2CRON,persone con almeno due malattie croniche,HSC,per 100 persone con le stesse caratteristiche,2018,2018,23.9,,
ITE3,Marche,0_CHRONIC_HEART,malati cronici - affetti da malattie del cuore,THV,valori in migliaia,2018,2018,57,,
ITD3,Veneto,0_CHRONIC_GH,persone con malattie croniche in buona salute,THV,valori in migliaia,2018,2018,921,,
ITDA,Trentino Alto Adige / Südtirol,0_CHRONIC_DIAB,malati cronici - affetti da diabete,HSC,per 100 persone con le stesse caratteristiche,2018,2018,3.6,,
ITD1,Provincia Autonoma Bolzano / Bozen,0_ALEAST_1CRON,persone  con almeno una malattia cronica,HSC,per 100 persone con le stesse caratteristiche,2018,2018,32.7,,
ITC1,Piemonte,0_CHRONIC_DIAB,malati cronici - affetti da diabete,HSC,per 100 persone con le stesse caratteristiche,2018,2018,4.6,,
ITC4,Lombardia,0_CHRONIC_HYP,malati cronici - affetti da ipertensione,THV,valori in migliaia,2018,2018,1733,,
ITD5,Emilia-Romagna,0_GOOD_H,persone in buona salute,HSC,per 100 persone con le stesse caratteristiche,2018,2018,69.1,,
ITC3,Liguria,0_CHRONIC_GH,persone con malattie croniche in buona salute,HSC,per 100 persone con le stesse caratteristiche,2018,2018,42,,
ITF6,Calabria,0_GOOD_H,persone in buona salute,HSC,per 100 persone con le stesse caratteristiche,2018,2018,62.9,,
ITE4,Lazio,0_CHRONIC_HYP,malati cronici - affetti da ipertensione,THV,valori in migliaia,2018,2018,1045,,
ITG2,Sardegna,0_CHRONIC_NERVOUS,malati cronici - affetti da disturbi nervosi,HSC,per 100 persone con le stesse caratteristiche,2018,2018,5.2,,
ITF3,Campania,0_CHRONIC_OSTEO,malati cronici - affetti da osteoporosi,THV,valori in migliaia,2018,2018,484,,
ITE4,Lazio,0_ALEAST_2CRON,persone con almeno due malattie croniche,THV,valori in migliaia,2018,2018,1246,,
ITD4,Friuli-Venezia Giulia,0_ALEAST_1CRON,persone  con almeno una malattia cronica,HSC,per 100 persone con le stesse caratteristiche,2018,2018,41,,
ITF3,Campania,0_CHRONIC_ARTH,"malati cronici - affetti da artrosi, artrite",HSC,per 100 persone con le stesse caratteristiche,2018,2018,15.4,,
ITE2,Umbria,0_CHRONIC_OSTEO,malati cronici - affetti da osteoporosi,HSC,per 100 persone con le stesse caratteristiche,2018,2018,9.3,,
ITE2,Umbria,0_CHRONIC_BRONC,malati cronici - affetti da bronchite cronica,THV,valori in migliaia,2018,2018,69,,
ITD3,Veneto,0_CHRONIC_NERVOUS,malati cronici - affetti da disturbi nervosi,HSC,per 100 persone con le stesse caratteristiche,2018,2018,3.7,,
ITG1,Sicilia,0_CHRONIC_OSTEO,malati cronici - affetti da osteoporosi,HSC,per 100 persone con le stesse caratteristiche,2018,2018,9.1,,
ITD2,Provincia Autonoma Trento,0_CHRONIC_DIAB,malati cronici - affetti da diabete,HSC,per 100 persone con le stesse caratteristiche,2018,2018,4.4,,
ITE2,Umbria,0_GOOD_H,persone in buona salute,HSC,per 100 persone con le stesse caratteristiche,2018,2018,66.6,,
ITE1,Toscana,0_CHRONIC_NERVOUS,malati cronici - affetti da disturbi nervosi,THV,valori in migliaia,2018,2018,169,,
ITG1,Sicilia,0_CHRONIC_BRONC,malati cronici - affetti da bronchite cronica,THV,valori in migliaia,2018,2018,262,,
ITF1,Abruzzo,0_CHRONIC_ARTH,"malati cronici - affetti da artrosi, artrite",THV,valori in migliaia,2018,2018,235,,
ITF5,Basilicata,0_CHRONIC_HEART,malati cronici - affetti da malattie del cuore,THV,valori in migliaia,2018,2018,23,,
ITG1,Sicilia,0_GOOD_H,persone in buona salute,THV,valori in migliaia,2018,2018,3379,,
ITF5,Basilicata,0_CHRONIC_HYP,malati cronici - affetti da ipertensione,HSC,per 100 persone con le stesse caratteristiche,2018,2018,20.3,,
ITC4,Lombardia,0_GOOD_H,persone in buona salute,THV,valori in migliaia,2018,2018,6923,,
ITF4,Puglia,0_CHRONIC_HYP,malati cronici - affetti da ipertensione,THV,valori in migliaia,2018,2018,759,,
ITD5,Emilia-Romagna,0_GOOD_H,persone in buona salute,THV,valori in migliaia,2018,2018,3061,,
ITC4,Lombardia,0_CHRONIC_GH,persone con malattie croniche in buona salute,HSC,per 100 persone con le stesse caratteristiche,2018,2018,47.8,,
ITC3,Liguria,0_CHRONIC_OSTEO,malati cronici - affetti da osteoporosi,HSC,per 100 persone con le stesse caratteristiche,2018,2018,11.4,,
ITC2,Valle d'Aosta / Vallée d'Aoste,0_ALEAST_2CRON,persone con almeno due malattie croniche,HSC,per 100 persone con le stesse caratteristiche,2018,2018,20.5,,
ITE3,Marche,0_GOOD_H,persone in buona salute,HSC,per 100 persone con le stesse caratteristiche,2018,2018,69.5,,
ITC4,Lombardia,0_ALEAST_2CRON,persone con almeno due malattie croniche,HSC,per 100 persone con le stesse caratteristiche,2018,2018,21,,
ITE4,Lazio,0_CHRONIC_ARTH,"malati cronici - affetti da artrosi, artrite",HSC,per 100 persone con le stesse caratteristiche,2018,2018,16.8,,
ITE3,Marche,0_CHRONIC_GH,persone con malattie croniche in buona salute,HSC,per 100 persone con le stesse caratteristiche,2018,2018,45,,
ITF1,Abruzzo,0_ALEAST_1CRON,persone  con almeno una malattia cronica,THV,valori in migliaia,2018,2018,527,,
ITF6,Calabria,0_CHRONIC_BRONC,malati cronici - affetti da bronchite cronica,THV,valori in migliaia,2018,2018,125,,
ITD4,Friuli-Venezia Giulia,0_CHRONIC_DIAB,malati cronici - affetti da diabete,HSC,per 100 persone con le stesse caratteristiche,2018,2018,5.3,,
ITE4,Lazio,0_ALEAST_1CRON,persone  con almeno una malattia cronica,HSC,per 100 persone con le stesse caratteristiche,2018,2018,41,,
ITF4,Puglia,0_CHRONIC_ALLER,malati cronici - affetti da malattie allergiche,HSC,per 100 persone con le stesse caratteristiche,2018,2018,11.8,,
ITC3,Liguria,0_CHRONIC_GH,persone con malattie croniche in buona salute,THV,valori in migliaia,2018,2018,293,,
ITC2,Valle d'Aosta / Vallée d'Aoste,0_CHRONIC_NERVOUS,malati cronici - affetti da disturbi nervosi,THV,valori in migliaia,2018,2018,6,,
ITC3,Liguria,0_CHRONIC_DIAB,malati cronici - affetti da diabete,THV,valori in migliaia,2018,2018,86,,
ITE3,Marche,0_CHRONIC_ALLER,malati cronici - affetti da malattie allergiche,THV,valori in migliaia,2018,2018,140,,
ITC4,Lombardia,0_CHRONIC_OSTEO,malati cronici - affetti da osteoporosi,THV,valori in migliaia,2018,2018,792,,
ITC3,Liguria,0_CHRONIC_BRONC,malati cronici - affetti da bronchite cronica,HSC,per 100 persone con le stesse caratteristiche,2018,2018,6.2,,
ITF4,Puglia,0_CHRONIC_GASTR,malati cronici - affetti da ulcera gastrica o duodenale,THV,valori in migliaia,2018,2018,68,,
ITF5,Basilicata,0_CHRONIC_DIAB,malati cronici - affetti da diabete,HSC,per 100 persone con le stesse caratteristiche,2018,2018,7,,
ITE3,Marche,0_CHRONIC_BRONC,malati cronici - affetti da bronchite cronica,THV,valori in migliaia,2018,2018,83,,
ITG2,Sardegna,0_CHRONIC_NERVOUS,malati cronici - affetti da disturbi nervosi,THV,valori in migliaia,2018,2018,85,,
ITG2,Sardegna,0_CHRONIC_ALLER,malati cronici - affetti da malattie allergiche,HSC,per 100 persone con le stesse caratteristiche,2018,2018,12.6,,
ITE2,Umbria,0_CHRONIC_NERVOUS,malati cronici - affetti da disturbi nervosi,HSC,per 100 persone con le stesse caratteristiche,2018,2018,6.6,,
ITF5,Basilicata,0_CHRONIC_HYP,malati cronici - affetti da ipertensione,THV,valori in migliaia,2018,2018,115,,
ITF5,Basilicata,0_ALEAST_1CRON,persone  con almeno una malattia cronica,THV,valori in migliaia,2018,2018,251,,
ITD2,Provincia Autonoma Trento,0_CHRONIC_NERVOUS,malati cronici - affetti da disturbi nervosi,HSC,per 100 persone con le stesse caratteristiche,2018,2018,2.6,,
ITE2,Umbria,0_CHRONIC_BRONC,malati cronici - affetti da bronchite cronica,HSC,per 100 persone con le stesse caratteristiche,2018,2018,7.8,,
ITD3,Veneto,0_CHRONIC_OSTEO,malati cronici - affetti da osteoporosi,HSC,per 100 persone con le stesse caratteristiche,2018,2018,5.8,,
ITC1,Piemonte,0_CHRONIC_NERVOUS,malati cronici - affetti da disturbi nervosi,THV,valori in migliaia,2018,2018,222,,
ITF6,Calabria,0_ALEAST_2CRON,persone con almeno due malattie croniche,HSC,per 100 persone con le stesse caratteristiche,2018,2018,24.3,,
ITC3,Liguria,0_GOOD_H,persone in buona salute,HSC,per 100 persone con le stesse caratteristiche,2018,2018,65.7,,
ITF6,Calabria,0_GOOD_H,persone in buona salute,THV,valori in migliaia,2018,2018,1228,,
ITC2,Valle d'Aosta / Vallée d'Aoste,0_CHRONIC_ALLER,malati cronici - affetti da malattie allergiche,HSC,per 100 persone con le stesse caratteristiche,2018,2018,10.8,,
ITE3,Marche,0_CHRONIC_OSTEO,malati cronici - affetti da osteoporosi,HSC,per 100 persone con le stesse caratteristiche,2018,2018,7,,
ITF2,Molise,0_CHRONIC_NERVOUS,malati cronici - affetti da disturbi nervosi,THV,valori in migliaia,2018,2018,18,,
ITD1,Provincia Autonoma Bolzano / Bozen,0_CHRONIC_GASTR,malati cronici - affetti da ulcera gastrica o duodenale,HSC,per 100 persone con le stesse caratteristiche,2018,2018,1.3,,
ITF4,Puglia,0_CHRONIC_ARTH,"malati cronici - affetti da artrosi, artrite",HSC,per 100 persone con le stesse caratteristiche,2018,2018,17,,
ITD5,Emilia-Romagna,0_ALEAST_2CRON,persone con almeno due malattie croniche,HSC,per 100 persone con le stesse caratteristiche,2018,2018,20.9,,
ITD4,Friuli-Venezia Giulia,0_CHRONIC_ARTH,"malati cronici - affetti da artrosi, artrite",THV,valori in migliaia,2018,2018,193,,
ITC3,Liguria,0_CHRONIC_BRONC,malati cronici - affetti da bronchite cronica,THV,valori in migliaia,2018,2018,96,,
ITC4,Lombardia,0_ALEAST_2CRON,persone con almeno due malattie croniche,THV,valori in migliaia,2018,2018,2101,,
ITC2,Valle d'Aosta / Vallée d'Aoste,0_CHRONIC_OSTEO,malati cronici - affetti da osteoporosi,THV,valori in migliaia,2018,2018,10,,
ITE3,Marche,0_CHRONIC_GH,persone con malattie croniche in buona salute,THV,valori in migliaia,2018,2018,269,,
ITG2,Sardegna,0_CHRONIC_OSTEO,malati cronici - affetti da osteoporosi,THV,valori in migliaia,2018,2018,203,,
ITG1,Sicilia,0_ALEAST_1CRON,persone  con almeno una malattia cronica,HSC,per 100 persone con le stesse caratteristiche,2018,2018,37.3,,
ITG2,Sardegna,0_GOOD_H,persone in buona salute,THV,valori in migliaia,2018,2018,1091,,
ITG2,Sardegna,0_CHRONIC_HEART,malati cronici - affetti da malattie del cuore,THV,valori in migliaia,2018,2018,84,,
ITG1,Sicilia,0_CHRONIC_HYP,malati cronici - affetti da ipertensione,THV,valori in migliaia,2018,2018,935,,
ITG1,Sicilia,0_CHRONIC_ALLER,malati cronici - affetti da malattie allergiche,HSC,per 100 persone con le stesse caratteristiche,2018,2018,10.5,,
ITG2,Sardegna,0_CHRONIC_GH,persone con malattie croniche in buona salute,HSC,per 100 persone con le stesse caratteristiche,2018,2018,41.1,,
ITG2,Sardegna,0_CHRONIC_GASTR,malati cronici - affetti da ulcera gastrica o duodenale,HSC,per 100 persone con le stesse caratteristiche,2018,2018,2.2,,