"ITTER107","Territorio","TIPO_DATO_AVQ","Tipo dato","MISURA_AVQ","Misura","SEXISTAT1","Sesso","TIME","Seleziona periodo","Value","Flag Codes","Flags"
"ITC1","Piemonte","18_BMI_SOTTO","sottopeso","THV","valori in migliaia","9","totale","2017","2017",161,,
"ITC1","Piemonte","18_BMI_SOTTO","sottopeso","THV","valori in migliaia","9","totale","2018","2018",120,,
"ITC1","Piemonte","18_BMI_NORMO","normopeso","THV","valori in migliaia","9","totale","2017","2017",1990,,
"ITC1","Piemonte","18_BMI_NORMO","normopeso","THV","valori in migliaia","9","totale","2018","2018",1940,,
"ITC1","Piemonte","18_BMI_SOVRA","sovrappeso","THV","valori in migliaia","9","totale","2017","2017",1182,,
"ITC1","Piemonte","18_BMI_SOVRA","sovrappeso","THV","valori in migliaia","9","totale","2018","2018",1222,,
"ITC1","Piemonte","18_BMI_OBE","obesi","THV","valori in migliaia","9","totale","2017","2017",359,,
"ITC1","Piemonte","18_BMI_OBE","obesi","THV","valori in migliaia","9","totale","2018","2018",387,,
"ITC1","Piemonte","18_BMI_SOTTO","sottopeso","HSC","per 100 persone con le stesse caratteristiche","9","totale","2017","2017",4.4,,
"ITC1","Piemonte","18_BMI_SOTTO","sottopeso","HSC","per 100 persone con le stesse caratteristiche","9","totale","2018","2018",3.3,,
"ITC1","Piemonte","18_BMI_NORMO","normopeso","HSC","per 100 persone con le stesse caratteristiche","9","totale","2017","2017",53.9,,
"ITC1","Piemonte","18_BMI_NORMO","normopeso","HSC","per 100 persone con le stesse caratteristiche","9","totale","2018","2018",52.9,,
"ITC1","Piemonte","18_BMI_SOVRA","sovrappeso","HSC","per 100 persone con le stesse caratteristiche","9","totale","2017","2017",32,,
"ITC1","Piemonte","18_BMI_SOVRA","sovrappeso","HSC","per 100 persone con le stesse caratteristiche","9","totale","2018","2018",33.3,,
"ITC1","Piemonte","18_BMI_OBE","obesi","HSC","per 100 persone con le stesse caratteristiche","9","totale","2017","2017",9.7,,
"ITC1","Piemonte","18_BMI_OBE","obesi","HSC","per 100 persone con le stesse caratteristiche","9","totale","2018","2018",10.6,,
"ITC2","Valle d'Aosta / Vallée d'Aoste","18_BMI_SOTTO","sottopeso","THV","valori in migliaia","9","totale","2017","2017",5,,
"ITC2","Valle d'Aosta / Vallée d'Aoste","18_BMI_SOTTO","sottopeso","THV","valori in migliaia","9","totale","2018","2018",4,,
"ITC2","Valle d'Aosta / Vallée d'Aoste","18_BMI_NORMO","normopeso","THV","valori in migliaia","9","totale","2017","2017",57,,
"ITC2","Valle d'Aosta / Vallée d'Aoste","18_BMI_NORMO","normopeso","THV","valori in migliaia","9","totale","2018","2018",56,,
"ITC2","Valle d'Aosta / Vallée d'Aoste","18_BMI_SOVRA","sovrappeso","THV","valori in migliaia","9","totale","2017","2017",33,,
"ITC2","Valle d'Aosta / Vallée d'Aoste","18_BMI_SOVRA","sovrappeso","THV","valori in migliaia","9","totale","2018","2018",34,,
"ITC2","Valle d'Aosta / Vallée d'Aoste","18_BMI_OBE","obesi","THV","valori in migliaia","9","totale","2017","2017",11,,
"ITC2","Valle d'Aosta / Vallée d'Aoste","18_BMI_OBE","obesi","THV","valori in migliaia","9","totale","2018","2018",11,,
"ITC2","Valle d'Aosta / Vallée d'Aoste","18_BMI_SOTTO","sottopeso","HSC","per 100 persone con le stesse caratteristiche","9","totale","2017","2017",5,,
"ITC2","Valle d'Aosta / Vallée d'Aoste","18_BMI_SOTTO","sottopeso","HSC","per 100 persone con le stesse caratteristiche","9","totale","2018","2018",4,,
"ITC2","Valle d'Aosta / Vallée d'Aoste","18_BMI_NORMO","normopeso","HSC","per 100 persone con le stesse caratteristiche","9","totale","2017","2017",53.5,,
"ITC2","Valle d'Aosta / Vallée d'Aoste","18_BMI_NORMO","normopeso","HSC","per 100 persone con le stesse caratteristiche","9","totale","2018","2018",53.1,,
"ITC2","Valle d'Aosta / Vallée d'Aoste","18_BMI_SOVRA","sovrappeso","HSC","per 100 persone con le stesse caratteristiche","9","totale","2017","2017",30.8,,
"ITC2","Valle d'Aosta / Vallée d'Aoste","18_BMI_SOVRA","sovrappeso","HSC","per 100 persone con le stesse caratteristiche","9","totale","2018","2018",32.2,,
"ITC2","Valle d'Aosta / Vallée d'Aoste","18_BMI_OBE","obesi","HSC","per 100 persone con le stesse caratteristiche","9","totale","2017","2017",10.7,,
"ITC2","Valle d'Aosta / Vallée d'Aoste","18_BMI_OBE","obesi","HSC","per 100 persone con le stesse caratteristiche","9","totale","2018","2018",10.7,,
"ITC3","Liguria","18_BMI_SOTTO","sottopeso","THV","valori in migliaia","9","totale","2017","2017",44,,
"ITC3","Liguria","18_BMI_SOTTO","sottopeso","THV","valori in migliaia","9","totale","2018","2018",50,,
"ITC3","Liguria","18_BMI_NORMO","normopeso","THV","valori in migliaia","9","totale","2017","2017",728,,
"ITC3","Liguria","18_BMI_NORMO","normopeso","THV","valori in migliaia","9","totale","2018","2018",683,,
"ITC3","Liguria","18_BMI_SOVRA","sovrappeso","THV","valori in migliaia","9","totale","2017","2017",430,,
"ITC3","Liguria","18_BMI_SOVRA","sovrappeso","THV","valori in migliaia","9","totale","2018","2018",464,,
"ITC3","Liguria","18_BMI_OBE","obesi","THV","valori in migliaia","9","totale","2017","2017",123,,
"ITC3","Liguria","18_BMI_OBE","obesi","THV","valori in migliaia","9","totale","2018","2018",136,,
"ITC3","Liguria","18_BMI_SOTTO","sottopeso","HSC","per 100 persone con le stesse caratteristiche","9","totale","2017","2017",3.3,,
"ITC3","Liguria","18_BMI_SOTTO","sottopeso","HSC","per 100 persone con le stesse caratteristiche","9","totale","2018","2018",3.7,,
"ITC3","Liguria","18_BMI_NORMO","normopeso","HSC","per 100 persone con le stesse caratteristiche","9","totale","2017","2017",54.9,,
"ITC3","Liguria","18_BMI_NORMO","normopeso","HSC","per 100 persone con le stesse caratteristiche","9","totale","2018","2018",51.2,,
"ITC3","Liguria","18_BMI_SOVRA","sovrappeso","HSC","per 100 persone con le stesse caratteristiche","9","totale","2017","2017",32.4,,
"ITC3","Liguria","18_BMI_SOVRA","sovrappeso","HSC","per 100 persone con le stesse caratteristiche","9","totale","2018","2018",34.8,,
"ITC3","Liguria","18_BMI_OBE","obesi","HSC","per 100 persone con le stesse caratteristiche","9","totale","2017","2017",9.3,,
"ITC3","Liguria","18_BMI_OBE","obesi","HSC","per 100 persone con le stesse caratteristiche","9","totale","2018","2018",10.2,,
"ITC4","Lombardia","18_BMI_SOTTO","sottopeso","THV","valori in migliaia","9","totale","2017","2017",370,,
"ITC4","Lombardia","18_BMI_SOTTO","sottopeso","THV","valori in migliaia","9","totale","2018","2018",418,,
"ITC4","Lombardia","18_BMI_NORMO","normopeso","THV","valori in migliaia","9","totale","2017","2017",4355,,
"ITC4","Lombardia","18_BMI_NORMO","normopeso","THV","valori in migliaia","9","totale","2018","2018",4437,,
"ITC4","Lombardia","18_BMI_SOVRA","sovrappeso","THV","valori in migliaia","9","totale","2017","2017",2721,,
"ITC4","Lombardia","18_BMI_SOVRA","sovrappeso","THV","valori in migliaia","9","totale","2018","2018",2636,,
"ITC4","Lombardia","18_BMI_OBE","obesi","THV","valori in migliaia","9","totale","2017","2017",875,,
"ITC4","Lombardia","18_BMI_OBE","obesi","THV","valori in migliaia","9","totale","2018","2018",780,,
"ITC4","Lombardia","18_BMI_SOTTO","sottopeso","HSC","per 100 persone con le stesse caratteristiche","9","totale","2017","2017",4.4,,
"ITC4","Lombardia","18_BMI_SOTTO","sottopeso","HSC","per 100 persone con le stesse caratteristiche","9","totale","2018","2018",5.1,,
"ITC4","Lombardia","18_BMI_NORMO","normopeso","HSC","per 100 persone con le stesse caratteristiche","9","totale","2017","2017",52.3,,
"ITC4","Lombardia","18_BMI_NORMO","normopeso","HSC","per 100 persone con le stesse caratteristiche","9","totale","2018","2018",53.6,,
"ITC4","Lombardia","18_BMI_SOVRA","sovrappeso","HSC","per 100 persone con le stesse caratteristiche","9","totale","2017","2017",32.7,,
"ITC4","Lombardia","18_BMI_SOVRA","sovrappeso","HSC","per 100 persone con le stesse caratteristiche","9","totale","2018","2018",31.9,,
"ITC4","Lombardia","18_BMI_OBE","obesi","HSC","per 100 persone con le stesse caratteristiche","9","totale","2017","2017",10.5,,
"ITC4","Lombardia","18_BMI_OBE","obesi","HSC","per 100 persone con le stesse caratteristiche","9","totale","2018","2018",9.4,,
"ITDA","Trentino Alto Adige / Südtirol","18_BMI_SOTTO","sottopeso","THV","valori in migliaia","9","totale","2017","2017",29,,
"ITDA","Trentino Alto Adige / Südtirol","18_BMI_SOTTO","sottopeso","THV","valori in migliaia","9","totale","2018","2018",25,,
"ITDA","Trentino Alto Adige / Südtirol","18_BMI_NORMO","normopeso","THV","valori in migliaia","9","totale","2017","2017",480,,
"ITDA","Trentino Alto Adige / Südtirol","18_BMI_NORMO","normopeso","THV","valori in migliaia","9","totale","2018","2018",482,,
"ITDA","Trentino Alto Adige / Südtirol","18_BMI_SOVRA","sovrappeso","THV","valori in migliaia","9","totale","2017","2017",271,,
"ITDA","Trentino Alto Adige / Südtirol","18_BMI_SOVRA","sovrappeso","THV","valori in migliaia","9","totale","2018","2018",269,,
"ITDA","Trentino Alto Adige / Südtirol","18_BMI_OBE","obesi","THV","valori in migliaia","9","totale","2017","2017",73,,
"ITDA","Trentino Alto Adige / Südtirol","18_BMI_OBE","obesi","THV","valori in migliaia","9","totale","2018","2018",79,,
"ITDA","Trentino Alto Adige / Südtirol","18_BMI_SOTTO","sottopeso","HSC","per 100 persone con le stesse caratteristiche","9","totale","2017","2017",3.4,,
"ITDA","Trentino Alto Adige / Südtirol","18_BMI_SOTTO","sottopeso","HSC","per 100 persone con le stesse caratteristiche","9","totale","2018","2018",3,,
"ITDA","Trentino Alto Adige / Südtirol","18_BMI_NORMO","normopeso","HSC","per 100 persone con le stesse caratteristiche","9","totale","2017","2017",56.2,,
"ITDA","Trentino Alto Adige / Südtirol","18_BMI_NORMO","normopeso","HSC","per 100 persone con le stesse caratteristiche","9","totale","2018","2018",56.3,,
"ITDA","Trentino Alto Adige / Südtirol","18_BMI_SOVRA","sovrappeso","HSC","per 100 persone con le stesse caratteristiche","9","totale","2017","2017",31.8,,
"ITDA","Trentino Alto Adige / Südtirol","18_BMI_SOVRA","sovrappeso","HSC","per 100 persone con le stesse caratteristiche","9","totale","2018","2018",31.5,,
"ITDA","Trentino Alto Adige / Südtirol","18_BMI_OBE","obesi","HSC","per 100 persone con le stesse caratteristiche","9","totale","2017","2017",8.6,,
"ITDA","Trentino Alto Adige / Südtirol","18_BMI_OBE","obesi","HSC","per 100 persone con le stesse caratteristiche","9","totale","2018","2018",9.3,,
"ITD1","Provincia Autonoma Bolzano / Bozen","18_BMI_SOTTO","sottopeso","THV","valori in migliaia","9","totale","2017","2017",14,,
"ITD1","Provincia Autonoma Bolzano / Bozen","18_BMI_SOTTO","sottopeso","THV","valori in migliaia","9","totale","2018","2018",14,,
"ITD1","Provincia Autonoma Bolzano / Bozen","18_BMI_NORMO","normopeso","THV","valori in migliaia","9","totale","2017","2017",241,,
"ITD1","Provincia Autonoma Bolzano / Bozen","18_BMI_NORMO","normopeso","THV","valori in migliaia","9","totale","2018","2018",234,,
"ITD1","Provincia Autonoma Bolzano / Bozen","18_BMI_SOVRA","sovrappeso","THV","valori in migliaia","9","totale","2017","2017",127,,
"ITD1","Provincia Autonoma Bolzano / Bozen","18_BMI_SOVRA","sovrappeso","THV","valori in migliaia","9","totale","2018","2018",134,,
"ITD1","Provincia Autonoma Bolzano / Bozen","18_BMI_OBE","obesi","THV","valori in migliaia","9","totale","2017","2017",35,,
"ITD1","Provincia Autonoma Bolzano / Bozen","18_BMI_OBE","obesi","THV","valori in migliaia","9","totale","2018","2018",35,,
"ITD1","Provincia Autonoma Bolzano / Bozen","18_BMI_SOTTO","sottopeso","HSC","per 100 persone con le stesse caratteristiche","9","totale","2017","2017",3.5,,
"ITD1","Provincia Autonoma Bolzano / Bozen","18_BMI_SOTTO","sottopeso","HSC","per 100 persone con le stesse caratteristiche","9","totale","2018","2018",3.3,,
"ITD1","Provincia Autonoma Bolzano / Bozen","18_BMI_NORMO","normopeso","HSC","per 100 persone con le stesse caratteristiche","9","totale","2017","2017",57.7,,
"ITD1","Provincia Autonoma Bolzano / Bozen","18_BMI_NORMO","normopeso","HSC","per 100 persone con le stesse caratteristiche","9","totale","2018","2018",56.2,,
"ITD1","Provincia Autonoma Bolzano / Bozen","18_BMI_SOVRA","sovrappeso","HSC","per 100 persone con le stesse caratteristiche","9","totale","2017","2017",30.4,,
"ITD1","Provincia Autonoma Bolzano / Bozen","18_BMI_SOVRA","sovrappeso","HSC","per 100 persone con le stesse caratteristiche","9","totale","2018","2018",32.2,,
"ITD1","Provincia Autonoma Bolzano / Bozen","18_BMI_OBE","obesi","HSC","per 100 persone con le stesse caratteristiche","9","totale","2017","2017",8.4,,
"ITD1","Provincia Autonoma Bolzano / Bozen","18_BMI_OBE","obesi","HSC","per 100 persone con le stesse caratteristiche","9","totale","2018","2018",8.3,,
"ITD2","Provincia Autonoma Trento","18_BMI_SOTTO","sottopeso","THV","valori in migliaia","9","totale","2017","2017",15,,
"ITD2","Provincia Autonoma Trento","18_BMI_SOTTO","sottopeso","THV","valori in migliaia","9","totale","2018","2018",12,,
"ITD2","Provincia Autonoma Trento","18_BMI_NORMO","normopeso","THV","valori in migliaia","9","totale","2017","2017",240,,
"ITD2","Provincia Autonoma Trento","18_BMI_NORMO","normopeso","THV","valori in migliaia","9","totale","2018","2018",248,,
"ITD2","Provincia Autonoma Trento","18_BMI_SOVRA","sovrappeso","THV","valori in migliaia","9","totale","2017","2017",145,,
"ITD2","Provincia Autonoma Trento","18_BMI_SOVRA","sovrappeso","THV","valori in migliaia","9","totale","2018","2018",135,,
"ITD2","Provincia Autonoma Trento","18_BMI_OBE","obesi","THV","valori in migliaia","9","totale","2017","2017",38,,
"ITD2","Provincia Autonoma Trento","18_BMI_OBE","obesi","THV","valori in migliaia","9","totale","2018","2018",45,,
"ITD2","Provincia Autonoma Trento","18_BMI_SOTTO","sottopeso","HSC","per 100 persone con le stesse caratteristiche","9","totale","2017","2017",3.4,,
"ITD2","Provincia Autonoma Trento","18_BMI_SOTTO","sottopeso","HSC","per 100 persone con le stesse caratteristiche","9","totale","2018","2018",2.7,,
"ITD2","Provincia Autonoma Trento","18_BMI_NORMO","normopeso","HSC","per 100 persone con le stesse caratteristiche","9","totale","2017","2017",54.8,,
"ITD2","Provincia Autonoma Trento","18_BMI_NORMO","normopeso","HSC","per 100 persone con le stesse caratteristiche","9","totale","2018","2018",56.4,,
"ITD2","Provincia Autonoma Trento","18_BMI_SOVRA","sovrappeso","HSC","per 100 persone con le stesse caratteristiche","9","totale","2017","2017",33.1,,
"ITD2","Provincia Autonoma Trento","18_BMI_SOVRA","sovrappeso","HSC","per 100 persone con le stesse caratteristiche","9","totale","2018","2018",30.7,,
"ITD2","Provincia Autonoma Trento","18_BMI_OBE","obesi","HSC","per 100 persone con le stesse caratteristiche","9","totale","2017","2017",8.7,,
"ITD2","Provincia Autonoma Trento","18_BMI_OBE","obesi","HSC","per 100 persone con le stesse caratteristiche","9","totale","2018","2018",10.2,,
"ITD3","Veneto","18_BMI_SOTTO","sottopeso","THV","valori in migliaia","9","totale","2017","2017",116,,
"ITD3","Veneto","18_BMI_SOTTO","sottopeso","THV","valori in migliaia","9","totale","2018","2018",117,,
"ITD3","Veneto","18_BMI_NORMO","normopeso","THV","valori in migliaia","9","totale","2017","2017",2166,,
"ITD3","Veneto","18_BMI_NORMO","normopeso","THV","valori in migliaia","9","totale","2018","2018",2089,,
"ITD3","Veneto","18_BMI_SOVRA","sovrappeso","THV","valori in migliaia","9","totale","2017","2017",1365,,
"ITD3","Veneto","18_BMI_SOVRA","sovrappeso","THV","valori in migliaia","9","totale","2018","2018",1390,,
"ITD3","Veneto","18_BMI_OBE","obesi","THV","valori in migliaia","9","totale","2017","2017",409,,
"ITD3","Veneto","18_BMI_OBE","obesi","THV","valori in migliaia","9","totale","2018","2018",447,,
"ITD3","Veneto","18_BMI_SOTTO","sottopeso","HSC","per 100 persone con le stesse caratteristiche","9","totale","2017","2017",2.9,,
"ITD3","Veneto","18_BMI_SOTTO","sottopeso","HSC","per 100 persone con le stesse caratteristiche","9","totale","2018","2018",2.9,,
"ITD3","Veneto","18_BMI_NORMO","normopeso","HSC","per 100 persone con le stesse caratteristiche","9","totale","2017","2017",53.4,,
"ITD3","Veneto","18_BMI_NORMO","normopeso","HSC","per 100 persone con le stesse caratteristiche","9","totale","2018","2018",51.7,,
"ITD3","Veneto","18_BMI_SOVRA","sovrappeso","HSC","per 100 persone con le stesse caratteristiche","9","totale","2017","2017",33.7,,
"ITD3","Veneto","18_BMI_SOVRA","sovrappeso","HSC","per 100 persone con le stesse caratteristiche","9","totale","2018","2018",34.4,,
"ITD3","Veneto","18_BMI_OBE","obesi","HSC","per 100 persone con le stesse caratteristiche","9","totale","2017","2017",10.1,,
"ITD3","Veneto","18_BMI_OBE","obesi","HSC","per 100 persone con le stesse caratteristiche","9","totale","2018","2018",11.1,,
"ITD4","Friuli-Venezia Giulia","18_BMI_SOTTO","sottopeso","THV","valori in migliaia","9","totale","2017","2017",32,,
"ITD4","Friuli-Venezia Giulia","18_BMI_SOTTO","sottopeso","THV","valori in migliaia","9","totale","2018","2018",46,,
"ITD4","Friuli-Venezia Giulia","18_BMI_NORMO","normopeso","THV","valori in migliaia","9","totale","2017","2017",509,,
"ITD4","Friuli-Venezia Giulia","18_BMI_NORMO","normopeso","THV","valori in migliaia","9","totale","2018","2018",513,,
"ITD4","Friuli-Venezia Giulia","18_BMI_SOVRA","sovrappeso","THV","valori in migliaia","9","totale","2017","2017",360,,
"ITD4","Friuli-Venezia Giulia","18_BMI_SOVRA","sovrappeso","THV","valori in migliaia","9","totale","2018","2018",341,,
"ITD4","Friuli-Venezia Giulia","18_BMI_OBE","obesi","THV","valori in migliaia","9","totale","2017","2017",121,,
"ITD4","Friuli-Venezia Giulia","18_BMI_OBE","obesi","THV","valori in migliaia","9","totale","2018","2018",124,,
"ITD4","Friuli-Venezia Giulia","18_BMI_SOTTO","sottopeso","HSC","per 100 persone con le stesse caratteristiche","9","totale","2017","2017",3.1,,
"ITD4","Friuli-Venezia Giulia","18_BMI_SOTTO","sottopeso","HSC","per 100 persone con le stesse caratteristiche","9","totale","2018","2018",4.5,,
"ITD4","Friuli-Venezia Giulia","18_BMI_NORMO","normopeso","HSC","per 100 persone con le stesse caratteristiche","9","totale","2017","2017",49.8,,
"ITD4","Friuli-Venezia Giulia","18_BMI_NORMO","normopeso","HSC","per 100 persone con le stesse caratteristiche","9","totale","2018","2018",50.1,,
"ITD4","Friuli-Venezia Giulia","18_BMI_SOVRA","sovrappeso","HSC","per 100 persone con le stesse caratteristiche","9","totale","2017","2017",35.2,,
"ITD4","Friuli-Venezia Giulia","18_BMI_SOVRA","sovrappeso","HSC","per 100 persone con le stesse caratteristiche","9","totale","2018","2018",33.3,,
"ITD4","Friuli-Venezia Giulia","18_BMI_OBE","obesi","HSC","per 100 persone con le stesse caratteristiche","9","totale","2017","2017",11.8,,
"ITD4","Friuli-Venezia Giulia","18_BMI_OBE","obesi","HSC","per 100 persone con le stesse caratteristiche","9","totale","2018","2018",12.1,,
"ITD5","Emilia-Romagna","18_BMI_SOTTO","sottopeso","THV","valori in migliaia","9","totale","2017","2017",113,,
"ITD5","Emilia-Romagna","18_BMI_SOTTO","sottopeso","THV","valori in migliaia","9","totale","2018","2018",107,,
"ITD5","Emilia-Romagna","18_BMI_NORMO","normopeso","THV","valori in migliaia","9","totale","2017","2017",1791,,
"ITD5","Emilia-Romagna","18_BMI_NORMO","normopeso","THV","valori in migliaia","9","totale","2018","2018",1887,,
"ITD5","Emilia-Romagna","18_BMI_SOVRA","sovrappeso","THV","valori in migliaia","9","totale","2017","2017",1398,,
"ITD5","Emilia-Romagna","18_BMI_SOVRA","sovrappeso","THV","valori in migliaia","9","totale","2018","2018",1262,,
"ITD5","Emilia-Romagna","18_BMI_OBE","obesi","THV","valori in migliaia","9","totale","2017","2017",422,,
"ITD5","Emilia-Romagna","18_BMI_OBE","obesi","THV","valori in migliaia","9","totale","2018","2018",462,,
"ITD5","Emilia-Romagna","18_BMI_SOTTO","sottopeso","HSC","per 100 persone con le stesse caratteristiche","9","totale","2017","2017",3,,
"ITD5","Emilia-Romagna","18_BMI_SOTTO","sottopeso","HSC","per 100 persone con le stesse caratteristiche","9","totale","2018","2018",2.9,,
"ITD5","Emilia-Romagna","18_BMI_NORMO","normopeso","HSC","per 100 persone con le stesse caratteristiche","9","totale","2017","2017",48.1,,
"ITD5","Emilia-Romagna","18_BMI_NORMO","normopeso","HSC","per 100 persone con le stesse caratteristiche","9","totale","2018","2018",50.8,,
"ITD5","Emilia-Romagna","18_BMI_SOVRA","sovrappeso","HSC","per 100 persone con le stesse caratteristiche","9","totale","2017","2017",37.5,,
"ITD5","Emilia-Romagna","18_BMI_SOVRA","sovrappeso","HSC","per 100 persone con le stesse caratteristiche","9","totale","2018","2018",33.9,,
"ITD5","Emilia-Romagna","18_BMI_OBE","obesi","HSC","per 100 persone con le stesse caratteristiche","9","totale","2017","2017",11.3,,
"ITD5","Emilia-Romagna","18_BMI_OBE","obesi","HSC","per 100 persone con le stesse caratteristiche","9","totale","2018","2018",12.4,,
"ITE1","Toscana","18_BMI_SOTTO","sottopeso","THV","valori in migliaia","9","totale","2017","2017",110,,
"ITE1","Toscana","18_BMI_SOTTO","sottopeso","THV","valori in migliaia","9","totale","2018","2018",86,,
"ITE1","Toscana","18_BMI_NORMO","normopeso","THV","valori in migliaia","9","totale","2017","2017",1686,,
"ITE1","Toscana","18_BMI_NORMO","normopeso","THV","valori in migliaia","9","totale","2018","2018",1684,,
"ITE1","Toscana","18_BMI_SOVRA","sovrappeso","THV","valori in migliaia","9","totale","2017","2017",1097,,
"ITE1","Toscana","18_BMI_SOVRA","sovrappeso","THV","valori in migliaia","9","totale","2018","2018",1089,,
"ITE1","Toscana","18_BMI_OBE","obesi","THV","valori in migliaia","9","totale","2017","2017",279,,
"ITE1","Toscana","18_BMI_OBE","obesi","THV","valori in migliaia","9","totale","2018","2018",287,,
"ITE1","Toscana","18_BMI_SOTTO","sottopeso","HSC","per 100 persone con le stesse caratteristiche","9","totale","2017","2017",3.5,,
"ITE1","Toscana","18_BMI_SOTTO","sottopeso","HSC","per 100 persone con le stesse caratteristiche","9","totale","2018","2018",2.7,,
"ITE1","Toscana","18_BMI_NORMO","normopeso","HSC","per 100 persone con le stesse caratteristiche","9","totale","2017","2017",53.2,,
"ITE1","Toscana","18_BMI_NORMO","normopeso","HSC","per 100 persone con le stesse caratteristiche","9","totale","2018","2018",53.5,,
"ITE1","Toscana","18_BMI_SOVRA","sovrappeso","HSC","per 100 persone con le stesse caratteristiche","9","totale","2017","2017",34.6,,
"ITE1","Toscana","18_BMI_SOVRA","sovrappeso","HSC","per 100 persone con le stesse caratteristiche","9","totale","2018","2018",34.6,,
"ITE1","Toscana","18_BMI_OBE","obesi","HSC","per 100 persone con le stesse caratteristiche","9","totale","2017","2017",8.8,,
"ITE1","Toscana","18_BMI_OBE","obesi","HSC","per 100 persone con le stesse caratteristiche","9","totale","2018","2018",9.1,,
"ITE2","Umbria","18_BMI_SOTTO","sottopeso","THV","valori in migliaia","9","totale","2017","2017",32,,
"ITE2","Umbria","18_BMI_SOTTO","sottopeso","THV","valori in migliaia","9","totale","2018","2018",20,,
"ITE2","Umbria","18_BMI_NORMO","normopeso","THV","valori in migliaia","9","totale","2017","2017",383,,
"ITE2","Umbria","18_BMI_NORMO","normopeso","THV","valori in migliaia","9","totale","2018","2018",359,,
"ITE2","Umbria","18_BMI_SOVRA","sovrappeso","THV","valori in migliaia","9","totale","2017","2017",257,,
"ITE2","Umbria","18_BMI_SOVRA","sovrappeso","THV","valori in migliaia","9","totale","2018","2018",275,,
"ITE2","Umbria","18_BMI_OBE","obesi","THV","valori in migliaia","9","totale","2017","2017",80,,
"ITE2","Umbria","18_BMI_OBE","obesi","THV","valori in migliaia","9","totale","2018","2018",88,,
"ITE2","Umbria","18_BMI_SOTTO","sottopeso","HSC","per 100 persone con le stesse caratteristiche","9","totale","2017","2017",4.2,,
"ITE2","Umbria","18_BMI_SOTTO","sottopeso","HSC","per 100 persone con le stesse caratteristiche","9","totale","2018","2018",2.6,,
"ITE2","Umbria","18_BMI_NORMO","normopeso","HSC","per 100 persone con le stesse caratteristiche","9","totale","2017","2017",51,,
"ITE2","Umbria","18_BMI_NORMO","normopeso","HSC","per 100 persone con le stesse caratteristiche","9","totale","2018","2018",48.4,,
"ITE2","Umbria","18_BMI_SOVRA","sovrappeso","HSC","per 100 persone con le stesse caratteristiche","9","totale","2017","2017",34.2,,
"ITE2","Umbria","18_BMI_SOVRA","sovrappeso","HSC","per 100 persone con le stesse caratteristiche","9","totale","2018","2018",37.1,,
"ITE2","Umbria","18_BMI_OBE","obesi","HSC","per 100 persone con le stesse caratteristiche","9","totale","2017","2017",10.6,,
"ITE2","Umbria","18_BMI_OBE","obesi","HSC","per 100 persone con le stesse caratteristiche","9","totale","2018","2018",11.9,,
"ITE3","Marche","18_BMI_SOTTO","sottopeso","THV","valori in migliaia","9","totale","2017","2017",32,,
"ITE3","Marche","18_BMI_SOTTO","sottopeso","THV","valori in migliaia","9","totale","2018","2018",40,,
"ITE3","Marche","18_BMI_NORMO","normopeso","THV","valori in migliaia","9","totale","2017","2017",679,,
"ITE3","Marche","18_BMI_NORMO","normopeso","THV","valori in migliaia","9","totale","2018","2018",658,,
"ITE3","Marche","18_BMI_SOVRA","sovrappeso","THV","valori in migliaia","9","totale","2017","2017",428,,
"ITE3","Marche","18_BMI_SOVRA","sovrappeso","THV","valori in migliaia","9","totale","2018","2018",444,,
"ITE3","Marche","18_BMI_OBE","obesi","THV","valori in migliaia","9","totale","2017","2017",161,,
"ITE3","Marche","18_BMI_OBE","obesi","THV","valori in migliaia","9","totale","2018","2018",141,,
"ITE3","Marche","18_BMI_SOTTO","sottopeso","HSC","per 100 persone con le stesse caratteristiche","9","totale","2017","2017",2.5,,
"ITE3","Marche","18_BMI_SOTTO","sottopeso","HSC","per 100 persone con le stesse caratteristiche","9","totale","2018","2018",3.1,,
"ITE3","Marche","18_BMI_NORMO","normopeso","HSC","per 100 persone con le stesse caratteristiche","9","totale","2017","2017",52.2,,
"ITE3","Marche","18_BMI_NORMO","normopeso","HSC","per 100 persone con le stesse caratteristiche","9","totale","2018","2018",51.3,,
"ITE3","Marche","18_BMI_SOVRA","sovrappeso","HSC","per 100 persone con le stesse caratteristiche","9","totale","2017","2017",32.9,,
"ITE3","Marche","18_BMI_SOVRA","sovrappeso","HSC","per 100 persone con le stesse caratteristiche","9","totale","2018","2018",34.6,,
"ITE3","Marche","18_BMI_OBE","obesi","HSC","per 100 persone con le stesse caratteristiche","9","totale","2017","2017",12.4,,
"ITE3","Marche","18_BMI_OBE","obesi","HSC","per 100 persone con le stesse caratteristiche","9","totale","2018","2018",11,,
"ITE4","Lazio","18_BMI_SOTTO","sottopeso","THV","valori in migliaia","9","totale","2017","2017",120,,
"ITE4","Lazio","18_BMI_SOTTO","sottopeso","THV","valori in migliaia","9","totale","2018","2018",184,,
"ITE4","Lazio","18_BMI_NORMO","normopeso","THV","valori in migliaia","9","totale","2017","2017",2674,,
"ITE4","Lazio","18_BMI_NORMO","normopeso","THV","valori in migliaia","9","totale","2018","2018",2546,,
"ITE4","Lazio","18_BMI_SOVRA","sovrappeso","THV","valori in migliaia","9","totale","2017","2017",1731,,
"ITE4","Lazio","18_BMI_SOVRA","sovrappeso","THV","valori in migliaia","9","totale","2018","2018",1716,,
"ITE4","Lazio","18_BMI_OBE","obesi","THV","valori in migliaia","9","totale","2017","2017",371,,
"ITE4","Lazio","18_BMI_OBE","obesi","THV","valori in migliaia","9","totale","2018","2018",490,,
"ITE4","Lazio","18_BMI_SOTTO","sottopeso","HSC","per 100 persone con le stesse caratteristiche","9","totale","2017","2017",2.4,,
"ITE4","Lazio","18_BMI_SOTTO","sottopeso","HSC","per 100 persone con le stesse caratteristiche","9","totale","2018","2018",3.7,,
"ITE4","Lazio","18_BMI_NORMO","normopeso","HSC","per 100 persone con le stesse caratteristiche","9","totale","2017","2017",54.6,,
"ITE4","Lazio","18_BMI_NORMO","normopeso","HSC","per 100 persone con le stesse caratteristiche","9","totale","2018","2018",51.6,,
"ITE4","Lazio","18_BMI_SOVRA","sovrappeso","HSC","per 100 persone con le stesse caratteristiche","9","totale","2017","2017",35.4,,
"ITE4","Lazio","18_BMI_SOVRA","sovrappeso","HSC","per 100 persone con le stesse caratteristiche","9","totale","2018","2018",34.8,,
"ITE4","Lazio","18_BMI_OBE","obesi","HSC","per 100 persone con le stesse caratteristiche","9","totale","2017","2017",7.6,,
"ITE4","Lazio","18_BMI_OBE","obesi","HSC","per 100 persone con le stesse caratteristiche","9","totale","2018","2018",9.9,,
"ITF1","Abruzzo","18_BMI_SOTTO","sottopeso","THV","valori in migliaia","9","totale","2017","2017",31,,
"ITF1","Abruzzo","18_BMI_SOTTO","sottopeso","THV","valori in migliaia","9","totale","2018","2018",28,,
"ITF1","Abruzzo","18_BMI_NORMO","normopeso","THV","valori in migliaia","9","totale","2017","2017",525,,
"ITF1","Abruzzo","18_BMI_NORMO","normopeso","THV","valori in migliaia","9","totale","2018","2018",527,,
"ITF1","Abruzzo","18_BMI_SOVRA","sovrappeso","THV","valori in migliaia","9","totale","2017","2017",409,,
"ITF1","Abruzzo","18_BMI_SOVRA","sovrappeso","THV","valori in migliaia","9","totale","2018","2018",423,,
"ITF1","Abruzzo","18_BMI_OBE","obesi","THV","valori in migliaia","9","totale","2017","2017",132,,
"ITF1","Abruzzo","18_BMI_OBE","obesi","THV","valori in migliaia","9","totale","2018","2018",139,,
"ITF1","Abruzzo","18_BMI_SOTTO","sottopeso","HSC","per 100 persone con le stesse caratteristiche","9","totale","2017","2017",2.9,,
"ITF1","Abruzzo","18_BMI_SOTTO","sottopeso","HSC","per 100 persone con le stesse caratteristiche","9","totale","2018","2018",2.5,,
"ITF1","Abruzzo","18_BMI_NORMO","normopeso","HSC","per 100 persone con le stesse caratteristiche","9","totale","2017","2017",47.9,,
"ITF1","Abruzzo","18_BMI_NORMO","normopeso","HSC","per 100 persone con le stesse caratteristiche","9","totale","2018","2018",47.2,,
"ITF1","Abruzzo","18_BMI_SOVRA","sovrappeso","HSC","per 100 persone con le stesse caratteristiche","9","totale","2017","2017",37.3,,
"ITF1","Abruzzo","18_BMI_SOVRA","sovrappeso","HSC","per 100 persone con le stesse caratteristiche","9","totale","2018","2018",37.9,,
"ITF1","Abruzzo","18_BMI_OBE","obesi","HSC","per 100 persone con le stesse caratteristiche","9","totale","2017","2017",12,,
"ITF1","Abruzzo","18_BMI_OBE","obesi","HSC","per 100 persone con le stesse caratteristiche","9","totale","2018","2018",12.4,,
"ITF2","Molise","18_BMI_SOTTO","sottopeso","THV","valori in migliaia","9","totale","2017","2017",5,,
"ITF2","Molise","18_BMI_SOTTO","sottopeso","THV","valori in migliaia","9","totale","2018","2018",9,,
"ITF2","Molise","18_BMI_NORMO","normopeso","THV","valori in migliaia","9","totale","2017","2017",132,,
"ITF2","Molise","18_BMI_NORMO","normopeso","THV","valori in migliaia","9","totale","2018","2018",117,,
"ITF2","Molise","18_BMI_SOVRA","sovrappeso","THV","valori in migliaia","9","totale","2017","2017",94,,
"ITF2","Molise","18_BMI_SOVRA","sovrappeso","THV","valori in migliaia","9","totale","2018","2018",100,,
"ITF2","Molise","18_BMI_OBE","obesi","THV","valori in migliaia","9","totale","2017","2017",34,,
"ITF2","Molise","18_BMI_OBE","obesi","THV","valori in migliaia","9","totale","2018","2018",39,,
"ITF2","Molise","18_BMI_SOTTO","sottopeso","HSC","per 100 persone con le stesse caratteristiche","9","totale","2017","2017",1.9,,
"ITF2","Molise","18_BMI_SOTTO","sottopeso","HSC","per 100 persone con le stesse caratteristiche","9","totale","2018","2018",3.3,,
"ITF2","Molise","18_BMI_NORMO","normopeso","HSC","per 100 persone con le stesse caratteristiche","9","totale","2017","2017",49.7,,
"ITF2","Molise","18_BMI_NORMO","normopeso","HSC","per 100 persone con le stesse caratteristiche","9","totale","2018","2018",44.1,,
"ITF2","Molise","18_BMI_SOVRA","sovrappeso","HSC","per 100 persone con le stesse caratteristiche","9","totale","2017","2017",35.6,,
"ITF2","Molise","18_BMI_SOVRA","sovrappeso","HSC","per 100 persone con le stesse caratteristiche","9","totale","2018","2018",37.9,,
"ITF2","Molise","18_BMI_OBE","obesi","HSC","per 100 persone con le stesse caratteristiche","9","totale","2017","2017",12.8,,
"ITF2","Molise","18_BMI_OBE","obesi","HSC","per 100 persone con le stesse caratteristiche","9","totale","2018","2018",14.7,,
"ITF3","Campania","18_BMI_SOTTO","sottopeso","THV","valori in migliaia","9","totale","2017","2017",88,,
"ITF3","Campania","18_BMI_SOTTO","sottopeso","THV","valori in migliaia","9","totale","2018","2018",54,,
"ITF3","Campania","18_BMI_NORMO","normopeso","THV","valori in migliaia","9","totale","2017","2017",2253,,
"ITF3","Campania","18_BMI_NORMO","normopeso","THV","valori in migliaia","9","totale","2018","2018",2251,,
"ITF3","Campania","18_BMI_SOVRA","sovrappeso","THV","valori in migliaia","9","totale","2017","2017",1896,,
"ITF3","Campania","18_BMI_SOVRA","sovrappeso","THV","valori in migliaia","9","totale","2018","2018",1926,,
"ITF3","Campania","18_BMI_OBE","obesi","THV","valori in migliaia","9","totale","2017","2017",528,,
"ITF3","Campania","18_BMI_OBE","obesi","THV","valori in migliaia","9","totale","2018","2018",505,,
"ITF3","Campania","18_BMI_SOTTO","sottopeso","HSC","per 100 persone con le stesse caratteristiche","9","totale","2017","2017",1.8,,
"ITF3","Campania","18_BMI_SOTTO","sottopeso","HSC","per 100 persone con le stesse caratteristiche","9","totale","2018","2018",1.1,,
"ITF3","Campania","18_BMI_NORMO","normopeso","HSC","per 100 persone con le stesse caratteristiche","9","totale","2017","2017",47.3,,
"ITF3","Campania","18_BMI_NORMO","normopeso","HSC","per 100 persone con le stesse caratteristiche","9","totale","2018","2018",47.5,,
"ITF3","Campania","18_BMI_SOVRA","sovrappeso","HSC","per 100 persone con le stesse caratteristiche","9","totale","2017","2017",39.8,,
"ITF3","Campania","18_BMI_SOVRA","sovrappeso","HSC","per 100 persone con le stesse caratteristiche","9","totale","2018","2018",40.7,,
"ITF3","Campania","18_BMI_OBE","obesi","HSC","per 100 persone con le stesse caratteristiche","9","totale","2017","2017",11.1,,
"ITF3","Campania","18_BMI_OBE","obesi","HSC","per 100 persone con le stesse caratteristiche","9","totale","2018","2018",10.7,,
"ITF4","Puglia","18_BMI_SOTTO","sottopeso","THV","valori in migliaia","9","totale","2017","2017",67,,
"ITF4","Puglia","18_BMI_SOTTO","sottopeso","THV","valori in migliaia","9","totale","2018","2018",92,,
"ITF4","Puglia","18_BMI_NORMO","normopeso","THV","valori in migliaia","9","totale","2017","2017",1577,,
"ITF4","Puglia","18_BMI_NORMO","normopeso","THV","valori in migliaia","9","totale","2018","2018",1578,,
"ITF4","Puglia","18_BMI_SOVRA","sovrappeso","THV","valori in migliaia","9","totale","2017","2017",1268,,
"ITF4","Puglia","18_BMI_SOVRA","sovrappeso","THV","valori in migliaia","9","totale","2018","2018",1310,,
"ITF4","Puglia","18_BMI_OBE","obesi","THV","valori in migliaia","9","totale","2017","2017",453,,
"ITF4","Puglia","18_BMI_OBE","obesi","THV","valori in migliaia","9","totale","2018","2018",405,,
"ITF4","Puglia","18_BMI_SOTTO","sottopeso","HSC","per 100 persone con le stesse caratteristiche","9","totale","2017","2017",2,,
"ITF4","Puglia","18_BMI_SOTTO","sottopeso","HSC","per 100 persone con le stesse caratteristiche","9","totale","2018","2018",2.7,,
"ITF4","Puglia","18_BMI_NORMO","normopeso","HSC","per 100 persone con le stesse caratteristiche","9","totale","2017","2017",46.9,,
"ITF4","Puglia","18_BMI_NORMO","normopeso","HSC","per 100 persone con le stesse caratteristiche","9","totale","2018","2018",46.6,,
"ITF4","Puglia","18_BMI_SOVRA","sovrappeso","HSC","per 100 persone con le stesse caratteristiche","9","totale","2017","2017",37.7,,
"ITF4","Puglia","18_BMI_SOVRA","sovrappeso","HSC","per 100 persone con le stesse caratteristiche","9","totale","2018","2018",38.7,,
"ITF4","Puglia","18_BMI_OBE","obesi","HSC","per 100 persone con le stesse caratteristiche","9","totale","2017","2017",13.5,,
"ITF4","Puglia","18_BMI_OBE","obesi","HSC","per 100 persone con le stesse caratteristiche","9","totale","2018","2018",12,,
"ITF5","Basilicata","18_BMI_SOTTO","sottopeso","THV","valori in migliaia","9","totale","2017","2017",10,,
"ITF5","Basilicata","18_BMI_SOTTO","sottopeso","THV","valori in migliaia","9","totale","2018","2018",8,,
"ITF5","Basilicata","18_BMI_NORMO","normopeso","THV","valori in migliaia","9","totale","2017","2017",214,,
"ITF5","Basilicata","18_BMI_NORMO","normopeso","THV","valori in migliaia","9","totale","2018","2018",220,,
"ITF5","Basilicata","18_BMI_SOVRA","sovrappeso","THV","valori in migliaia","9","totale","2017","2017",198,,
"ITF5","Basilicata","18_BMI_SOVRA","sovrappeso","THV","valori in migliaia","9","totale","2018","2018",185,,
"ITF5","Basilicata","18_BMI_OBE","obesi","THV","valori in migliaia","9","totale","2017","2017",58,,
"ITF5","Basilicata","18_BMI_OBE","obesi","THV","valori in migliaia","9","totale","2018","2018",65,,
"ITF5","Basilicata","18_BMI_SOTTO","sottopeso","HSC","per 100 persone con le stesse caratteristiche","9","totale","2017","2017",2.1,,
"ITF5","Basilicata","18_BMI_SOTTO","sottopeso","HSC","per 100 persone con le stesse caratteristiche","9","totale","2018","2018",1.7,,
"ITF5","Basilicata","18_BMI_NORMO","normopeso","HSC","per 100 persone con le stesse caratteristiche","9","totale","2017","2017",44.5,,
"ITF5","Basilicata","18_BMI_NORMO","normopeso","HSC","per 100 persone con le stesse caratteristiche","9","totale","2018","2018",45.9,,
"ITF5","Basilicata","18_BMI_SOVRA","sovrappeso","HSC","per 100 persone con le stesse caratteristiche","9","totale","2017","2017",41.2,,
"ITF5","Basilicata","18_BMI_SOVRA","sovrappeso","HSC","per 100 persone con le stesse caratteristiche","9","totale","2018","2018",38.7,,
"ITF5","Basilicata","18_BMI_OBE","obesi","HSC","per 100 persone con le stesse caratteristiche","9","totale","2017","2017",12.1,,
"ITF5","Basilicata","18_BMI_OBE","obesi","HSC","per 100 persone con le stesse caratteristiche","9","totale","2018","2018",13.6,,
"ITF6","Calabria","18_BMI_SOTTO","sottopeso","THV","valori in migliaia","9","totale","2017","2017",38,,
"ITF6","Calabria","18_BMI_SOTTO","sottopeso","THV","valori in migliaia","9","totale","2018","2018",26,,
"ITF6","Calabria","18_BMI_NORMO","normopeso","THV","valori in migliaia","9","totale","2017","2017",805,,
"ITF6","Calabria","18_BMI_NORMO","normopeso","THV","valori in migliaia","9","totale","2018","2018",774,,
"ITF6","Calabria","18_BMI_SOVRA","sovrappeso","THV","valori in migliaia","9","totale","2017","2017",627,,
"ITF6","Calabria","18_BMI_SOVRA","sovrappeso","THV","valori in migliaia","9","totale","2018","2018",635,,
"ITF6","Calabria","18_BMI_OBE","obesi","THV","valori in migliaia","9","totale","2017","2017",163,,
"ITF6","Calabria","18_BMI_OBE","obesi","THV","valori in migliaia","9","totale","2018","2018",191,,
"ITF6","Calabria","18_BMI_SOTTO","sottopeso","HSC","per 100 persone con le stesse caratteristiche","9","totale","2017","2017",2.3,,
"ITF6","Calabria","18_BMI_SOTTO","sottopeso","HSC","per 100 persone con le stesse caratteristiche","9","totale","2018","2018",1.6,,
"ITF6","Calabria","18_BMI_NORMO","normopeso","HSC","per 100 persone con le stesse caratteristiche","9","totale","2017","2017",49.3,,
"ITF6","Calabria","18_BMI_NORMO","normopeso","HSC","per 100 persone con le stesse caratteristiche","9","totale","2018","2018",47.6,,
"ITF6","Calabria","18_BMI_SOVRA","sovrappeso","HSC","per 100 persone con le stesse caratteristiche","9","totale","2017","2017",38.4,,
"ITF6","Calabria","18_BMI_SOVRA","sovrappeso","HSC","per 100 persone con le stesse caratteristiche","9","totale","2018","2018",39,,
"ITF6","Calabria","18_BMI_OBE","obesi","HSC","per 100 persone con le stesse caratteristiche","9","totale","2017","2017",10,,
"ITF6","Calabria","18_BMI_OBE","obesi","HSC","per 100 persone con le stesse caratteristiche","9","totale","2018","2018",11.8,,
"ITG1","Sicilia","18_BMI_SOTTO","sottopeso","THV","valori in migliaia","9","totale","2017","2017",123,,
"ITG1","Sicilia","18_BMI_SOTTO","sottopeso","THV","valori in migliaia","9","totale","2018","2018",96,,
"ITG1","Sicilia","18_BMI_NORMO","normopeso","THV","valori in migliaia","9","totale","2017","2017",1887,,
"ITG1","Sicilia","18_BMI_NORMO","normopeso","THV","valori in migliaia","9","totale","2018","2018",1949,,
"ITG1","Sicilia","18_BMI_SOVRA","sovrappeso","THV","valori in migliaia","9","totale","2017","2017",1627,,
"ITG1","Sicilia","18_BMI_SOVRA","sovrappeso","THV","valori in migliaia","9","totale","2018","2018",1641,,
"ITG1","Sicilia","18_BMI_OBE","obesi","THV","valori in migliaia","9","totale","2017","2017",526,,
"ITG1","Sicilia","18_BMI_OBE","obesi","THV","valori in migliaia","9","totale","2018","2018",473,,
"ITG1","Sicilia","18_BMI_SOTTO","sottopeso","HSC","per 100 persone con le stesse caratteristiche","9","totale","2017","2017",3,,
"ITG1","Sicilia","18_BMI_SOTTO","sottopeso","HSC","per 100 persone con le stesse caratteristiche","9","totale","2018","2018",2.3,,
"ITG1","Sicilia","18_BMI_NORMO","normopeso","HSC","per 100 persone con le stesse caratteristiche","9","totale","2017","2017",45.3,,
"ITG1","Sicilia","18_BMI_NORMO","normopeso","HSC","per 100 persone con le stesse caratteristiche","9","totale","2018","2018",46.9,,
"ITG1","Sicilia","18_BMI_SOVRA","sovrappeso","HSC","per 100 persone con le stesse caratteristiche","9","totale","2017","2017",39.1,,
"ITG1","Sicilia","18_BMI_SOVRA","sovrappeso","HSC","per 100 persone con le stesse caratteristiche","9","totale","2018","2018",39.5,,
"ITG1","Sicilia","18_BMI_OBE","obesi","HSC","per 100 persone con le stesse caratteristiche","9","totale","2017","2017",12.6,,
"ITG1","Sicilia","18_BMI_OBE","obesi","HSC","per 100 persone con le stesse caratteristiche","9","totale","2018","2018",11.4,,
"ITG2","Sardegna","18_BMI_SOTTO","sottopeso","THV","valori in migliaia","9","totale","2017","2017",43,,
"ITG2","Sardegna","18_BMI_SOTTO","sottopeso","THV","valori in migliaia","9","totale","2018","2018",50,,
"ITG2","Sardegna","18_BMI_NORMO","normopeso","THV","valori in migliaia","9","totale","2017","2017",767,,
"ITG2","Sardegna","18_BMI_NORMO","normopeso","THV","valori in migliaia","9","totale","2018","2018",775,,
"ITG2","Sardegna","18_BMI_SOVRA","sovrappeso","THV","valori in migliaia","9","totale","2017","2017",453,,
"ITG2","Sardegna","18_BMI_SOVRA","sovrappeso","THV","valori in migliaia","9","totale","2018","2018",443,,
"ITG2","Sardegna","18_BMI_OBE","obesi","THV","valori in migliaia","9","totale","2017","2017",138,,
"ITG2","Sardegna","18_BMI_OBE","obesi","THV","valori in migliaia","9","totale","2018","2018",127,,
"ITG2","Sardegna","18_BMI_SOTTO","sottopeso","HSC","per 100 persone con le stesse caratteristiche","9","totale","2017","2017",3.1,,
"ITG2","Sardegna","18_BMI_SOTTO","sottopeso","HSC","per 100 persone con le stesse caratteristiche","9","totale","2018","2018",3.6,,
"ITG2","Sardegna","18_BMI_NORMO","normopeso","HSC","per 100 persone con le stesse caratteristiche","9","totale","2017","2017",54.7,,
"ITG2","Sardegna","18_BMI_NORMO","normopeso","HSC","per 100 persone con le stesse caratteristiche","9","totale","2018","2018",55.5,,
"ITG2","Sardegna","18_BMI_SOVRA","sovrappeso","HSC","per 100 persone con le stesse caratteristiche","9","totale","2017","2017",32.3,,
"ITG2","Sardegna","18_BMI_SOVRA","sovrappeso","HSC","per 100 persone con le stesse caratteristiche","9","totale","2018","2018",31.8,,
"ITG2","Sardegna","18_BMI_OBE","obesi","HSC","per 100 persone con le stesse caratteristiche","9","totale","2017","2017",9.9,,
"ITG2","Sardegna","18_BMI_OBE","obesi","HSC","per 100 persone con le stesse caratteristiche","9","totale","2018","2018",9.1,,
